Liga,time,total_jogos_casa,total_jogos_fora,pct_marcou_M60_casa,pct_marcou_M60_fora,avg_min_M60_casa,avg_min_M60_fora,dp_min_M60_casa,dp_min_M60_fora,cv_min_M60_casa,cv_min_M60_fora,n_marcou_M60_casa,n_marcou_M60_fora,%Gl_Ca_61_70M,%Gl_Fo_61_70M,%Gl_Ca_71_80M,%Gl_Fo_71_80M,%Gl_Ca_81_90M,%Gl_Fo_81_90M
Alemanha_1 Bundesliga,Augsburg,14,13,50.0,23.1,77.7,86.7,10.0,11.5,12.9,13.3,7,3,7.1,0.0,28.6,7.7,14.3,30.8
Alemanha_1 Bundesliga,Bayer Leverkusen,13,14,53.8,42.9,78.4,82.2,12.1,12.5,15.4,15.2,7,6,23.1,7.1,15.4,14.3,23.1,21.4
Alemanha_1 Bundesliga,Bayern München,14,13,85.7,84.6,72.6,74.3,10.2,9.4,14.1,12.7,12,11,57.1,53.8,42.9,30.8,50.0,92.3
Alemanha_1 Bundesliga,Borussia Dortmund,14,13,71.4,61.5,84.1,76.8,10.1,12.0,12.1,15.7,10,8,14.3,30.8,21.4,7.7,64.3,38.5
Alemanha_1 Bundesliga,Borussia M'gladbach,13,14,38.5,50.0,70.0,78.1,14.2,11.2,20.3,14.3,5,7,30.8,14.3,15.4,21.4,23.1,21.4
Alemanha_1 Bundesliga,Eintracht Frankfurt,13,14,61.5,35.7,75.5,79.4,10.0,11.2,13.2,14.1,8,5,23.1,7.1,30.8,14.3,30.8,21.4
Alemanha_1 Bundesliga,Freiburg,13,14,53.8,35.7,82.3,71.4,6.0,8.7,7.3,12.2,7,5,0.0,14.3,15.4,28.6,53.8,7.1
Alemanha_1 Bundesliga,Hamburger SV,14,13,35.7,30.8,79.4,71.2,16.9,10.3,21.2,14.5,5,4,14.3,15.4,7.1,7.7,28.6,7.7
Alemanha_1 Bundesliga,Heidenheim,14,13,35.7,30.8,75.4,80.5,12.8,13.5,16.9,16.8,5,4,14.3,7.7,7.1,7.7,35.7,23.1
Alemanha_1 Bundesliga,Hoffenheim,13,14,61.5,35.7,79.4,73.4,11.2,9.3,14.1,12.7,8,5,15.4,14.3,23.1,14.3,30.8,7.1
Alemanha_1 Bundesliga,Köln,14,13,57.1,38.5,81.8,88.6,9.2,5.4,11.2,6.1,8,5,7.1,0.0,7.1,7.7,57.1,38.5
Alemanha_1 Bundesliga,Mainz 05,14,13,42.9,38.5,79.2,72.2,9.4,9.4,11.8,13.1,6,5,7.1,30.8,28.6,0.0,28.6,7.7
Alemanha_1 Bundesliga,RB Leipzig,14,13,50.0,23.1,74.0,64.3,10.0,2.1,13.6,3.2,7,3,28.6,38.5,28.6,0.0,21.4,0.0
Alemanha_1 Bundesliga,St. Pauli,13,14,30.8,21.4,81.5,75.0,10.1,16.8,12.4,22.4,4,3,7.7,14.3,7.7,7.1,23.1,7.1
Alemanha_1 Bundesliga,Stuttgart,13,14,61.5,78.6,82.2,78.7,8.9,8.3,10.9,10.5,8,11,7.7,14.3,23.1,42.9,38.5,50.0
Alemanha_1 Bundesliga,Union Berlin,13,14,46.2,50.0,77.0,83.1,8.8,10.8,11.4,12.9,6,7,7.7,14.3,15.4,0.0,38.5,35.7
Alemanha_1 Bundesliga,Werder Bremen,13,14,46.2,50.0,83.3,71.9,10.1,8.1,12.1,11.3,6,7,0.0,28.6,30.8,14.3,38.5,21.4
Alemanha_1 Bundesliga,Wolfsburg,14,13,35.7,38.5,74.4,68.0,9.4,5.7,12.6,8.4,5,5,21.4,30.8,7.1,7.7,14.3,7.7
Alemanha_2 2. Bundesliga,Arminia Bielefeld,13,14,30.8,50.0,74.2,81.4,11.8,10.6,15.9,13.0,4,7,15.4,7.1,15.4,14.3,23.1,28.6
Alemanha_2 2. Bundesliga,Bochum,14,13,50.0,46.2,70.0,81.3,5.9,11.1,8.4,13.7,7,6,42.9,7.7,7.1,15.4,14.3,23.1
Alemanha_2 2. Bundesliga,Darmstadt 98,14,13,42.9,69.2,73.8,75.6,13.5,13.7,18.2,18.1,6,9,21.4,46.2,14.3,15.4,21.4,23.1
Alemanha_2 2. Bundesliga,Dynamo Dresden,13,14,23.1,35.7,82.0,79.6,8.5,11.8,10.4,14.8,3,5,0.0,7.1,7.7,21.4,15.4,14.3
Alemanha_2 2. Bundesliga,Eintracht Braunschweig,14,13,35.7,23.1,78.6,76.3,14.9,6.7,18.9,8.7,5,3,14.3,7.7,0.0,7.7,21.4,7.7
Alemanha_2 2. Bundesliga,Elversberg,13,14,76.9,57.1,83.7,73.1,8.5,8.4,10.1,11.5,10,8,7.7,21.4,38.5,35.7,53.8,21.4
Alemanha_2 2. Bundesliga,Fortuna Düsseldorf,14,13,50.0,15.4,75.0,74.0,13.0,14.1,17.3,19.1,7,2,28.6,7.7,0.0,7.7,35.7,7.7
Alemanha_2 2. Bundesliga,Greuther Fürth,13,14,38.5,50.0,88.8,77.7,7.0,12.0,7.9,15.4,5,7,0.0,21.4,0.0,21.4,38.5,35.7
Alemanha_2 2. Bundesliga,Hannover 96,13,14,38.5,71.4,80.6,69.0,11.1,8.7,13.8,12.6,5,10,15.4,50.0,23.1,14.3,15.4,28.6
Alemanha_2 2. Bundesliga,Hertha BSC,14,13,28.6,84.6,85.8,78.6,12.9,10.5,15.1,13.4,4,11,7.1,23.1,0.0,38.5,21.4,38.5
Alemanha_2 2. Bundesliga,Holstein Kiel,13,14,38.5,50.0,70.6,80.9,9.1,12.1,12.8,15.0,5,7,23.1,21.4,7.7,0.0,7.7,35.7
Alemanha_2 2. Bundesliga,Kaiserslautern,14,13,50.0,30.8,80.3,74.2,12.5,14.8,15.6,19.9,7,4,14.3,15.4,14.3,7.7,57.1,15.4
Alemanha_2 2. Bundesliga,Karlsruher SC,13,14,69.2,35.7,76.7,78.4,11.3,10.4,14.8,13.3,9,5,23.1,7.1,15.4,14.3,69.2,28.6
Alemanha_2 2. Bundesliga,Magdeburg,13,14,46.2,42.9,70.7,76.7,8.3,9.0,11.7,11.7,6,6,23.1,7.1,15.4,21.4,46.2,35.7
Alemanha_2 2. Bundesliga,Nürnberg,14,13,28.6,38.5,71.8,78.8,7.9,8.5,11.0,10.7,4,5,14.3,0.0,7.1,30.8,21.4,15.4
Alemanha_2 2. Bundesliga,Paderborn,14,13,71.4,38.5,79.6,75.0,14.3,15.3,17.9,20.4,10,5,35.7,23.1,0.0,15.4,50.0,23.1
Alemanha_2 2. Bundesliga,Preußen Münster,14,13,50.0,38.5,82.1,77.4,11.0,10.4,13.4,13.4,7,5,7.1,7.7,14.3,23.1,35.7,15.4
Alemanha_2 2. Bundesliga,Schalke 04,13,14,46.2,42.9,76.8,79.8,8.7,8.1,11.3,10.1,6,6,23.1,7.1,23.1,7.1,23.1,28.6
Alemanha_3 3. Liga,1860 München,15,15,53.3,46.7,84.4,78.0,10.7,11.0,12.7,14.1,8,7,6.7,20.0,13.3,0.0,40.0,40.0
Alemanha_3 3. Liga,Alemannia Aachen,14,16,35.7,68.8,69.0,76.9,8.7,13.0,12.7,16.9,5,11,21.4,31.2,7.1,25.0,28.6,25.0
Alemanha_3 3. Liga,Energie Cottbus,16,14,50.0,71.4,78.0,74.5,12.3,10.7,15.8,14.3,8,10,18.8,35.7,18.8,14.3,31.2,42.9
Alemanha_3 3. Liga,Erzgebirge Aue,15,15,33.3,33.3,81.2,68.6,10.0,6.6,12.3,9.6,5,5,6.7,20.0,6.7,13.3,33.3,6.7
Alemanha_3 3. Liga,Hansa Rostock,15,15,60.0,33.3,79.2,75.0,13.3,3.9,16.8,5.2,9,5,20.0,0.0,20.0,26.7,33.3,20.0
Alemanha_3 3. Liga,Havelse,15,15,53.3,53.3,80.0,77.4,11.6,9.6,14.5,12.4,8,8,13.3,20.0,33.3,26.7,46.7,20.0
Alemanha_3 3. Liga,Hoffenheim II,16,14,37.5,42.9,73.0,78.0,8.5,8.3,11.6,10.6,6,6,18.8,14.3,6.2,21.4,31.2,35.7
Alemanha_3 3. Liga,Ingolstadt,15,15,40.0,80.0,81.5,75.0,9.9,11.4,12.1,15.2,6,12,6.7,40.0,6.7,20.0,40.0,46.7
Alemanha_3 3. Liga,Jahn Regensburg,15,15,60.0,33.3,76.4,73.6,12.1,13.9,15.8,18.9,9,5,26.7,20.0,26.7,13.3,40.0,6.7
Alemanha_3 3. Liga,MSV Duisburg,15,15,60.0,46.7,75.0,74.1,10.1,10.3,13.5,13.9,9,7,20.0,20.0,26.7,26.7,26.7,46.7
Alemanha_3 3. Liga,Osnabrück,15,15,46.7,73.3,73.0,73.1,9.2,9.1,12.7,12.5,7,11,26.7,26.7,13.3,40.0,33.3,20.0
Alemanha_3 3. Liga,Rot-Weiss Essen,15,15,60.0,73.3,69.4,76.7,9.8,9.5,14.1,12.4,9,11,53.3,20.0,0.0,26.7,26.7,73.3
Alemanha_3 3. Liga,Saarbrucken,14,16,35.7,25.0,72.0,77.2,10.0,16.3,13.9,21.1,5,4,21.4,12.5,7.1,0.0,21.4,25.0
Alemanha_3 3. Liga,Schweinfurt,15,15,26.7,13.3,80.8,82.0,7.3,7.1,9.1,8.6,4,2,0.0,0.0,20.0,6.7,26.7,6.7
Alemanha_3 3. Liga,Stuttgart II,14,16,14.3,37.5,80.0,75.8,9.9,11.7,12.4,15.5,2,6,0.0,18.8,7.1,0.0,7.1,18.8
Alemanha_3 3. Liga,Ulm,15,15,46.7,33.3,79.4,80.6,9.2,10.0,11.6,12.4,7,5,6.7,6.7,13.3,6.7,40.0,20.0
Alemanha_3 3. Liga,Verl,15,15,80.0,60.0,73.2,74.1,11.2,7.1,15.3,9.6,12,9,46.7,20.0,40.0,40.0,26.7,26.7
Alemanha_3 3. Liga,Viktoria Köln,16,14,43.8,50.0,78.1,81.0,13.6,10.0,17.4,12.4,7,7,18.8,7.1,12.5,14.3,31.2,35.7
Alemanha_3 3. Liga,Waldhof Mannheim,15,15,40.0,53.3,76.7,75.6,13.7,10.8,17.9,14.2,6,8,13.3,20.0,20.0,13.3,33.3,26.7
Alemanha_3 3. Liga,Wehen Wiesbaden,15,15,73.3,40.0,79.0,85.5,12.3,7.0,15.6,8.2,11,6,26.7,0.0,26.7,13.3,60.0,26.7
Argentina_1 Liga Profesional,Aldosivi,4,6,25.0,0.0,87.0,,,,,,1,0,0.0,0.0,0.0,0.0,25.0,0.0
Argentina_1 Liga Profesional,Argentinos Juniors,6,3,50.0,0.0,97.0,,7.0,,7.2,,3,0,0.0,0.0,0.0,0.0,50.0,0.0
Argentina_1 Liga Profesional,Atlético Tucumán,6,5,16.7,60.0,83.0,76.7,,10.7,,13.9,1,3,0.0,20.0,0.0,20.0,33.3,20.0
Argentina_1 Liga Profesional,Banfield,7,4,57.1,0.0,76.2,,8.8,,11.6,,4,0,14.3,0.0,42.9,0.0,14.3,0.0
Argentina_1 Liga Profesional,Barracas Central,5,6,60.0,0.0,78.7,,22.5,,28.6,,3,0,20.0,0.0,20.0,0.0,20.0,0.0
Argentina_1 Liga Profesional,Belgrano,5,6,40.0,33.3,80.0,77.5,4.2,14.8,5.3,19.2,2,2,0.0,16.7,20.0,0.0,20.0,33.3
Argentina_1 Liga Profesional,Boca Juniors,7,4,14.3,75.0,77.0,78.3,,13.2,,16.9,1,3,0.0,25.0,14.3,0.0,0.0,50.0
Argentina_1 Liga Profesional,Central Córdoba SdE,5,6,40.0,16.7,69.0,78.0,9.9,,14.3,,2,1,20.0,0.0,40.0,16.7,0.0,0.0
Argentina_1 Liga Profesional,Defensa y Justicia,6,5,33.3,40.0,83.0,63.5,18.4,0.7,22.2,1.1,2,2,16.7,40.0,16.7,20.0,16.7,20.0
Argentina_1 Liga Profesional,Deportivo Riestra,5,5,0.0,0.0,,,,,,,0,0,0.0,0.0,0.0,0.0,0.0,0.0
Argentina_1 Liga Profesional,Estudiantes,6,5,33.3,40.0,72.5,73.5,3.5,10.6,4.9,14.4,2,2,16.7,20.0,33.3,0.0,33.3,20.0
Argentina_1 Liga Profesional,Estudiantes Río Cuarto,5,6,20.0,0.0,94.0,,,,,,1,0,0.0,0.0,0.0,0.0,20.0,0.0
Argentina_1 Liga Profesional,Gimnasia La Plata,5,6,20.0,0.0,81.0,,,,,,1,0,0.0,0.0,0.0,0.0,40.0,0.0
Argentina_1 Liga Profesional,Gimnasia Mendoza,5,6,20.0,0.0,73.0,,,,,,1,0,0.0,0.0,20.0,0.0,0.0,0.0
Argentina_1 Liga Profesional,Huracán,6,5,16.7,40.0,67.0,75.0,,12.7,,17.0,1,2,16.7,20.0,0.0,0.0,0.0,20.0
Argentina_1 Liga Profesional,Independiente,6,5,50.0,20.0,73.3,64.0,13.8,,18.8,,3,1,33.3,20.0,0.0,0.0,50.0,0.0
Argentina_1 Liga Profesional,Independiente Rivadavia,7,4,42.9,75.0,79.0,76.0,5.0,15.7,6.3,20.7,3,3,0.0,50.0,28.6,0.0,28.6,25.0
Argentina_1 Liga Profesional,Instituto,6,5,33.3,20.0,92.5,73.0,0.7,,0.8,,2,1,0.0,0.0,0.0,20.0,33.3,0.0
Argentina_1 Liga Profesional,Lanús,4,6,25.0,66.7,93.0,72.5,,1.9,,2.6,1,4,0.0,0.0,0.0,66.7,25.0,0.0
Argentina_1 Liga Profesional,Newell's Old Boys,6,5,50.0,40.0,83.3,89.0,6.7,1.4,8.0,1.6,3,2,0.0,0.0,16.7,0.0,50.0,40.0
Argentina_1 Liga Profesional,Platense,5,6,40.0,33.3,80.5,83.0,7.8,0.0,9.7,0.0,2,2,0.0,0.0,20.0,0.0,20.0,33.3
Argentina_1 Liga Profesional,Racing Club,4,7,50.0,57.1,85.5,76.2,10.6,10.2,12.4,13.4,2,4,0.0,14.3,25.0,14.3,25.0,42.9
Argentina_1 Liga Profesional,River Plate,4,7,50.0,28.6,80.0,77.5,12.7,10.6,15.9,13.7,2,2,0.0,14.3,25.0,0.0,25.0,28.6
Argentina_1 Liga Profesional,Rosario Central,5,6,40.0,33.3,77.0,78.0,18.4,4.2,23.9,5.4,2,2,20.0,0.0,0.0,16.7,40.0,16.7
Argentina_1 Liga Profesional,San Lorenzo,5,5,80.0,40.0,80.5,67.5,10.3,3.5,12.8,5.2,4,2,20.0,40.0,0.0,0.0,80.0,0.0
Argentina_1 Liga Profesional,Sarmiento,6,5,16.7,20.0,86.0,69.0,,,,,1,1,0.0,20.0,0.0,0.0,16.7,0.0
Argentina_1 Liga Profesional,Talleres Córdoba,5,6,60.0,33.3,82.0,80.0,13.5,15.6,16.4,19.4,3,2,20.0,16.7,0.0,0.0,40.0,33.3
Argentina_1 Liga Profesional,Tigre,6,5,50.0,40.0,70.3,65.0,12.9,4.2,18.3,6.5,3,2,33.3,40.0,0.0,0.0,33.3,0.0
Argentina_1 Liga Profesional,Unión Santa Fe,5,6,40.0,33.3,73.0,65.0,8.5,1.4,11.6,2.2,2,2,20.0,33.3,20.0,0.0,20.0,0.0
Argentina_1 Liga Profesional,Vélez Sarsfield,5,6,40.0,33.3,71.0,79.5,11.3,16.3,15.9,20.5,2,2,40.0,16.7,20.0,0.0,0.0,16.7
Australia_1 A-League,Adelaide United,11,11,63.6,54.5,75.1,78.0,14.1,10.5,18.7,13.4,7,6,45.5,18.2,9.1,18.2,36.4,36.4
Australia_1 A-League,Auckland,11,11,45.5,36.4,74.2,79.0,12.5,10.7,16.8,13.5,5,4,18.2,0.0,27.3,27.3,9.1,9.1
Australia_1 A-League,Brisbane Roar,11,11,18.2,36.4,76.5,81.2,3.5,15.3,4.6,18.8,2,4,0.0,9.1,18.2,9.1,9.1,18.2
Australia_1 A-League,Central Coast Mariners,11,10,27.3,30.0,84.0,77.7,12.1,12.1,14.4,15.5,3,3,0.0,10.0,18.2,10.0,18.2,20.0
Australia_1 A-League,Macarthur,11,11,54.5,27.3,66.7,72.7,3.4,9.0,5.2,12.3,6,3,54.5,18.2,18.2,0.0,9.1,18.2
Australia_1 A-League,Melbourne City FC,9,12,33.3,25.0,82.3,74.0,11.6,9.5,14.1,12.9,3,3,11.1,8.3,0.0,16.7,44.4,8.3
Australia_1 A-League,Melbourne Victory FC,11,11,45.5,45.5,75.4,75.2,14.0,10.2,18.5,13.6,5,5,36.4,18.2,9.1,18.2,36.4,18.2
Australia_1 A-League,Newcastle Jets FC,11,11,54.5,54.5,71.8,81.5,6.1,11.4,8.5,13.9,6,6,27.3,9.1,27.3,18.2,45.5,27.3
Australia_1 A-League,Perth Glory FC,11,11,27.3,45.5,85.7,78.8,9.2,8.5,10.8,10.8,3,5,0.0,9.1,9.1,27.3,27.3,18.2
Australia_1 A-League,Sydney FC,11,11,63.6,36.4,75.4,73.8,8.6,12.5,11.5,16.9,7,4,27.3,18.2,36.4,9.1,27.3,9.1
Australia_1 A-League,Wellington Phoenix,12,10,41.7,60.0,75.6,77.2,8.6,11.8,11.4,15.3,5,6,16.7,30.0,8.3,10.0,25.0,30.0
Australia_1 A-League,Western Sydney Wanderers,11,11,27.3,36.4,84.0,73.0,7.5,6.1,9.0,8.3,3,4,0.0,18.2,9.1,9.1,18.2,9.1
Belgica_1 Pro League,Cercle Brugge,15,15,53.3,20.0,80.2,84.3,11.4,14.2,14.2,16.8,8,3,13.3,6.7,13.3,0.0,26.7,13.3
Belgica_1 Pro League,Club Brugge,15,15,60.0,53.3,74.3,77.6,10.5,9.5,14.1,12.2,9,8,20.0,20.0,20.0,26.7,33.3,33.3
Belgica_1 Pro League,FCV Dender EH,15,15,13.3,40.0,91.5,80.3,7.8,13.0,8.5,16.1,2,6,0.0,13.3,0.0,0.0,13.3,26.7
Belgica_1 Pro League,KAA Gent,15,15,60.0,46.7,81.6,73.4,8.4,8.3,10.4,11.3,9,7,6.7,20.0,6.7,13.3,66.7,33.3
Belgica_1 Pro League,KRC Genk,15,15,40.0,53.3,81.8,75.2,9.5,11.0,11.6,14.6,6,8,6.7,26.7,6.7,20.0,33.3,13.3
Belgica_1 Pro League,KV Mechelen,15,15,46.7,33.3,85.1,69.8,11.2,9.4,13.2,13.4,7,5,6.7,20.0,6.7,13.3,40.0,13.3
Belgica_1 Pro League,KVC Westerlo,15,15,46.7,26.7,77.9,64.8,11.0,3.8,14.2,5.8,7,4,13.3,33.3,13.3,0.0,20.0,6.7
Belgica_1 Pro League,OH Leuven,15,15,40.0,53.3,78.7,75.6,12.9,10.8,16.4,14.3,6,8,13.3,20.0,20.0,26.7,13.3,13.3
Belgica_1 Pro League,RAAL La Louvière,15,15,20.0,46.7,80.7,76.7,12.5,12.1,15.5,15.7,3,7,6.7,26.7,0.0,0.0,26.7,40.0
Belgica_1 Pro League,RSC Anderlecht,15,15,40.0,33.3,72.8,82.8,9.4,8.1,12.9,9.8,6,5,26.7,0.0,20.0,13.3,20.0,26.7
Belgica_1 Pro League,Royal Antwerp FC,15,15,33.3,13.3,75.2,85.5,7.0,3.5,9.3,4.1,5,2,6.7,0.0,33.3,0.0,6.7,13.3
Belgica_1 Pro League,Sint-Truiden,15,15,46.7,46.7,81.4,69.6,5.2,6.9,6.3,9.9,7,7,0.0,26.7,20.0,13.3,40.0,40.0
Belgica_1 Pro League,Sporting Charleroi,15,15,46.7,20.0,79.6,77.0,8.3,13.5,10.5,17.6,7,3,13.3,6.7,6.7,6.7,33.3,20.0
Belgica_1 Pro League,Standard Liège,15,15,6.7,20.0,65.0,83.7,,8.5,,10.2,1,3,6.7,0.0,0.0,6.7,0.0,13.3
Belgica_1 Pro League,Union Saint-Gilloise,15,15,80.0,46.7,75.6,82.1,9.9,9.9,13.1,12.1,12,7,20.0,6.7,46.7,13.3,33.3,26.7
Belgica_1 Pro League,Zulte-Waregem,15,15,46.7,33.3,84.0,69.8,8.4,6.6,10.0,9.5,7,5,0.0,20.0,13.3,13.3,40.0,13.3
Brasileiro_A Serie A,Atlético Mineiro,4,4,75.0,0.0,69.3,,5.0,,7.3,,3,0,50.0,0.0,25.0,0.0,25.0,0.0
Brasileiro_A Serie A,Atlético PR,4,3,25.0,66.7,91.0,77.0,,2.8,,3.7,1,2,0.0,0.0,0.0,66.7,25.0,0.0
Brasileiro_A Serie A,Bahia,3,4,33.3,0.0,78.0,,,,,,1,0,0.0,0.0,33.3,0.0,0.0,0.0
Brasileiro_A Serie A,Botafogo,2,4,50.0,50.0,76.0,78.5,,10.6,,13.5,1,2,0.0,0.0,50.0,25.0,100.0,25.0
Brasileiro_A Serie A,Bragantino,4,4,0.0,50.0,,79.5,,19.1,,24.0,0,2,0.0,25.0,0.0,0.0,0.0,25.0
Brasileiro_A Serie A,Chapecoense,4,3,50.0,33.3,72.0,91.0,1.4,,2.0,,2,1,0.0,0.0,75.0,0.0,50.0,33.3
Brasileiro_A Serie A,Corinthians,4,4,25.0,25.0,74.0,82.0,,,,,1,1,0.0,0.0,25.0,0.0,0.0,25.0
Brasileiro_A Serie A,Coritiba,3,5,0.0,20.0,,64.0,,,,,0,1,0.0,20.0,0.0,0.0,0.0,0.0
Brasileiro_A Serie A,Cruzeiro,4,4,25.0,25.0,70.0,85.0,,,,,1,1,25.0,0.0,0.0,0.0,25.0,25.0
Brasileiro_A Serie A,Flamengo,3,4,66.7,0.0,83.0,,21.2,,25.6,,2,0,33.3,0.0,0.0,0.0,33.3,0.0
Brasileiro_A Serie A,Fluminense,4,4,25.0,25.0,94.0,63.0,,,,,1,1,0.0,25.0,0.0,0.0,25.0,0.0
Brasileiro_A Serie A,Grêmio,4,4,50.0,25.0,72.5,75.0,9.2,,12.7,,2,1,25.0,0.0,25.0,25.0,0.0,0.0
Brasileiro_A Serie A,Internacional,4,4,0.0,25.0,,95.0,,,,,0,1,0.0,0.0,0.0,0.0,0.0,25.0
Brasileiro_A Serie A,Mirassol,4,3,25.0,33.3,71.0,81.0,,,,,1,1,0.0,0.0,25.0,0.0,0.0,66.7
Brasileiro_A Serie A,Palmeiras,4,4,25.0,50.0,63.0,83.0,,1.4,,1.7,1,2,25.0,0.0,25.0,0.0,0.0,50.0
Brasileiro_A Serie A,Remo,4,4,25.0,25.0,83.0,87.0,,,,,1,1,0.0,0.0,0.0,0.0,25.0,50.0
Brasileiro_A Serie A,Santos,4,4,25.0,50.0,61.0,73.5,,9.2,,12.5,1,2,25.0,25.0,0.0,25.0,0.0,25.0
Brasileiro_A Serie A,São Paulo,4,4,25.0,50.0,61.0,67.0,,1.4,,2.1,1,2,25.0,50.0,25.0,0.0,0.0,0.0
Brasileiro_A Serie A,Vasco da Gama,5,3,40.0,33.3,75.5,86.0,17.7,,23.4,,2,1,20.0,0.0,20.0,0.0,40.0,33.3
Brasileiro_A Serie A,Vitória,4,3,50.0,0.0,72.5,,6.4,,8.8,,2,0,25.0,0.0,25.0,0.0,0.0,0.0
Bulgaria_1 First League,Arda,13,14,30.8,28.6,83.2,78.0,15.2,16.5,18.2,21.1,4,4,7.7,21.4,0.0,7.1,23.1,28.6
Bulgaria_1 First League,Beroe,13,14,15.4,14.3,74.0,80.0,4.2,9.9,5.7,12.4,2,2,0.0,0.0,15.4,7.1,7.7,7.1
Bulgaria_1 First League,Botev Plovdiv,13,14,30.8,42.9,71.2,79.8,14.9,7.4,21.0,9.2,4,6,23.1,7.1,7.7,14.3,7.7,35.7
Bulgaria_1 First League,Botev Vratsa,14,13,28.6,7.7,74.0,63.0,8.0,,10.8,,4,1,7.1,7.7,14.3,7.7,21.4,0.0
Bulgaria_1 First League,CSKA 1948 Sofia,14,13,42.9,46.2,68.8,71.0,6.7,6.6,9.8,9.3,6,6,28.6,30.8,21.4,15.4,7.1,30.8
Bulgaria_1 First League,CSKA Sofia,14,13,64.3,23.1,81.0,78.3,11.5,9.7,14.2,12.4,9,3,14.3,7.7,14.3,15.4,50.0,7.7
Bulgaria_1 First League,Cherno More,13,14,30.8,57.1,75.0,77.6,13.6,13.9,18.1,17.9,4,8,15.4,21.4,7.7,14.3,23.1,21.4
Bulgaria_1 First League,Dobrudzha 1919,13,14,46.2,7.1,68.7,82.0,6.7,,9.7,,6,1,30.8,0.0,23.1,0.0,7.7,7.1
Bulgaria_1 First League,Levski Sofia,14,13,57.1,61.5,73.1,75.1,8.7,13.4,11.9,17.9,8,8,28.6,30.8,35.7,7.7,50.0,38.5
Bulgaria_1 First League,Lokomotiv Plovdiv,14,13,28.6,53.8,86.2,88.6,7.5,7.7,8.7,8.7,4,7,0.0,0.0,7.1,7.7,21.4,46.2
Bulgaria_1 First League,Lokomotiv Sofia 1929,14,13,35.7,46.2,80.2,73.3,11.8,11.3,14.7,15.5,5,6,7.1,30.8,21.4,0.0,14.3,30.8
Bulgaria_1 First League,Ludogorets,13,14,76.9,71.4,74.6,83.4,7.6,8.9,10.2,10.7,10,10,15.4,7.1,46.2,7.1,30.8,71.4
Bulgaria_1 First League,Montana,13,14,0.0,21.4,,71.0,,2.6,,3.7,0,3,0.0,7.1,0.0,14.3,0.0,0.0
Bulgaria_1 First League,Septemvri Sofia,13,14,30.8,14.3,81.2,81.5,12.1,3.5,15.0,4.3,4,2,15.4,0.0,7.7,7.1,15.4,14.3
Bulgaria_1 First League,Slavia Sofia,14,13,14.3,38.5,74.5,79.8,17.7,6.6,23.7,8.3,2,5,7.1,7.7,0.0,7.7,14.3,23.1
Bulgaria_1 First League,Spartak Varna,14,13,64.3,7.7,79.4,86.0,9.9,,12.4,,9,1,7.1,0.0,28.6,0.0,35.7,7.7
Chile_1 Primera Division,Audax Italiano,4,3,50.0,0.0,81.5,,20.5,,25.2,,2,0,25.0,0.0,0.0,0.0,25.0,0.0
Chile_1 Primera Division,Cobresal,4,3,25.0,66.7,88.0,74.0,,9.9,,13.4,1,2,0.0,33.3,0.0,0.0,50.0,66.7
Chile_1 Primera Division,Colo-Colo,4,3,75.0,33.3,88.7,83.0,4.0,,4.6,,3,1,0.0,0.0,0.0,0.0,100.0,33.3
Chile_1 Primera Division,Concepción,2,5,50.0,20.0,91.0,98.0,,,,,1,1,0.0,0.0,0.0,0.0,50.0,20.0
Chile_1 Primera Division,Coquimbo Unido,3,4,33.3,50.0,76.0,73.5,,2.1,,2.9,1,2,0.0,0.0,33.3,50.0,0.0,25.0
Chile_1 Primera Division,Deportes Limache,3,4,33.3,50.0,86.0,75.5,,12.0,,15.9,1,2,0.0,25.0,0.0,25.0,33.3,25.0
Chile_1 Primera Division,Everton,3,4,33.3,0.0,67.0,,,,,,1,0,33.3,0.0,0.0,0.0,0.0,0.0
Chile_1 Primera Division,Huachipato,3,4,100.0,25.0,78.3,89.0,15.2,,19.4,,3,1,33.3,0.0,0.0,0.0,100.0,25.0
Chile_1 Primera Division,La Serena,4,3,25.0,0.0,92.0,,,,,,1,0,0.0,0.0,0.0,0.0,25.0,0.0
Chile_1 Primera Division,O'Higgins,4,3,50.0,33.3,86.0,94.0,2.8,,3.3,,2,1,0.0,0.0,0.0,0.0,50.0,33.3
Chile_1 Primera Division,Palestino,4,3,50.0,33.3,69.0,73.0,0.0,,0.0,,2,1,50.0,0.0,50.0,33.3,25.0,0.0
Chile_1 Primera Division,Univ. Concepción,4,3,50.0,0.0,82.0,,15.6,,19.0,,2,0,0.0,0.0,25.0,0.0,25.0,0.0
Chile_1 Primera Division,Universidad Católica,3,4,100.0,75.0,71.3,90.7,1.5,6.0,2.1,6.6,3,3,33.3,0.0,66.7,0.0,0.0,75.0
Chile_1 Primera Division,Universidad Chile,3,4,0.0,50.0,,73.0,,4.2,,5.8,0,2,0.0,25.0,0.0,25.0,0.0,0.0
Chile_1 Primera Division,Unión La Calera,4,3,50.0,0.0,75.5,,4.9,,6.6,,2,0,0.0,0.0,50.0,0.0,75.0,0.0
Chile_1 Primera Division,Ñublense,4,3,25.0,100.0,88.0,84.3,,9.1,,10.8,1,3,0.0,0.0,0.0,33.3,25.0,66.7
Colombia_1 Liga BetPlay,Alianza Petrolera,6,6,0.0,33.3,,67.5,,6.4,,9.4,0,2,0.0,16.7,0.0,16.7,0.0,0.0
Colombia_1 Liga BetPlay,América de Cali,5,6,60.0,0.0,71.7,,4.0,,5.6,,3,0,20.0,0.0,40.0,0.0,20.0,0.0
Colombia_1 Liga BetPlay,Atlético Bucaramanga,6,5,50.0,20.0,62.7,71.0,2.1,,3.3,,3,1,66.7,0.0,0.0,20.0,16.7,0.0
Colombia_1 Liga BetPlay,Atlético Nacional,6,6,83.3,50.0,72.2,71.3,6.6,7.4,9.2,10.3,5,3,16.7,33.3,66.7,33.3,16.7,33.3
Colombia_1 Liga BetPlay,Boyacá Chicó,6,6,16.7,0.0,80.0,,,,,,1,0,0.0,0.0,16.7,0.0,0.0,0.0
Colombia_1 Liga BetPlay,Cúcuta Deportivo,6,6,16.7,33.3,65.0,77.5,,7.8,,10.0,1,2,16.7,0.0,0.0,16.7,0.0,33.3
Colombia_1 Liga BetPlay,Deportes Tolima,5,7,40.0,14.3,77.0,92.0,14.1,,18.4,,2,1,20.0,0.0,0.0,0.0,20.0,14.3
Colombia_1 Liga BetPlay,Deportivo Cali,7,6,28.6,33.3,69.5,71.0,7.8,11.3,11.2,15.9,2,2,14.3,16.7,14.3,16.7,14.3,0.0
Colombia_1 Liga BetPlay,Deportivo Pasto,7,5,42.9,60.0,77.3,81.3,0.6,13.1,0.7,16.0,3,3,0.0,20.0,42.9,20.0,14.3,40.0
Colombia_1 Liga BetPlay,Deportivo Pereira,5,6,40.0,33.3,84.0,65.5,5.7,6.4,6.7,9.7,2,2,0.0,33.3,20.0,0.0,20.0,0.0
Colombia_1 Liga BetPlay,Fortaleza CEIF,5,7,100.0,42.9,87.0,77.7,7.4,8.0,8.5,10.3,5,3,0.0,14.3,20.0,14.3,80.0,14.3
Colombia_1 Liga BetPlay,Independiente Medellín,5,7,60.0,57.1,76.7,77.5,6.8,11.2,8.9,14.5,3,4,20.0,14.3,20.0,28.6,20.0,14.3
Colombia_1 Liga BetPlay,Jaguares de Córdoba,7,6,57.1,0.0,74.8,,11.6,,15.5,,4,0,28.6,0.0,0.0,0.0,42.9,0.0
Colombia_1 Liga BetPlay,Junior,6,6,50.0,33.3,92.7,75.0,12.9,11.3,13.9,15.1,3,2,0.0,16.7,16.7,0.0,33.3,33.3
Colombia_1 Liga BetPlay,La Equidad,6,7,50.0,0.0,75.3,,12.9,,17.1,,3,0,33.3,0.0,16.7,0.0,33.3,0.0
Colombia_1 Liga BetPlay,Llaneros,7,5,28.6,60.0,73.0,70.7,4.2,11.9,5.8,16.9,2,3,14.3,40.0,14.3,0.0,14.3,20.0
Colombia_1 Liga BetPlay,Millonarios,7,6,28.6,33.3,73.0,74.5,17.0,0.7,23.2,0.9,2,2,14.3,0.0,0.0,33.3,28.6,16.7
Colombia_1 Liga BetPlay,Once Caldas,7,6,71.4,66.7,77.8,76.0,13.3,10.6,17.0,13.9,5,4,28.6,16.7,14.3,33.3,42.9,33.3
Colombia_1 Liga BetPlay,Rionegro Águilas,6,6,33.3,33.3,88.0,76.5,11.3,19.1,12.9,25.0,2,2,0.0,16.7,16.7,0.0,16.7,16.7
Colombia_1 Liga BetPlay,Santa Fe,6,6,16.7,66.7,63.0,89.0,,8.2,,9.2,1,4,33.3,0.0,0.0,16.7,0.0,50.0
Croacia_1 HNL,Dinamo Zagreb,13,14,69.2,64.3,74.3,81.8,12.7,9.4,17.1,11.4,9,9,30.8,14.3,61.5,21.4,38.5,42.9
Croacia_1 HNL,Gorica,14,13,50.0,23.1,77.0,83.7,4.5,6.1,5.8,7.3,7,3,7.1,0.0,42.9,7.7,7.1,15.4
Croacia_1 HNL,HNK Vukovar 1991,13,14,46.2,28.6,78.3,66.5,9.9,5.4,12.6,8.2,6,4,23.1,21.4,0.0,7.1,30.8,0.0
Croacia_1 HNL,Hajduk Split,14,13,64.3,61.5,80.3,71.0,11.5,5.7,14.3,8.0,9,8,21.4,30.8,14.3,30.8,42.9,15.4
Croacia_1 HNL,Istra 1961,13,14,38.5,28.6,75.2,77.2,11.8,8.1,15.6,10.5,5,4,15.4,7.1,15.4,7.1,23.1,14.3
Croacia_1 HNL,Lokomotiva Zagreb,14,13,42.9,38.5,72.3,71.0,10.1,13.9,14.0,19.6,6,5,21.4,23.1,14.3,7.7,14.3,7.7
Croacia_1 HNL,Osijek,14,13,28.6,30.8,81.2,74.5,9.7,13.5,12.0,18.1,4,4,0.0,15.4,14.3,7.7,21.4,7.7
Croacia_1 HNL,Rijeka,14,13,42.9,15.4,80.3,71.0,14.3,5.7,17.8,8.0,6,2,14.3,7.7,7.1,7.7,35.7,7.7
Croacia_1 HNL,Slaven Koprivnica,13,14,69.2,35.7,77.1,74.8,8.6,8.6,11.2,11.5,9,5,7.7,14.3,53.8,7.1,23.1,14.3
Croacia_1 HNL,Varaždin,13,14,38.5,35.7,72.6,77.4,7.8,11.0,10.8,14.2,5,5,15.4,14.3,23.1,7.1,7.7,14.3
Dinamarca_1 Superliga,AGF,12,12,50.0,58.3,74.0,72.4,11.2,5.8,15.2,8.0,6,7,33.3,25.0,8.3,33.3,33.3,33.3
Dinamarca_1 Superliga,Brøndby,12,12,41.7,25.0,71.0,77.7,10.6,4.9,14.9,6.4,5,3,25.0,0.0,8.3,16.7,16.7,16.7
Dinamarca_1 Superliga,Fredericia,12,12,33.3,50.0,79.2,79.3,10.6,11.1,13.4,14.0,4,6,8.3,8.3,8.3,16.7,16.7,33.3
Dinamarca_1 Superliga,København,12,12,50.0,58.3,81.5,76.9,8.9,12.6,10.9,16.4,6,7,0.0,25.0,33.3,16.7,25.0,33.3
Dinamarca_1 Superliga,Midtjylland,12,12,75.0,33.3,72.1,76.5,9.5,13.0,13.2,17.0,9,4,41.7,16.7,25.0,16.7,50.0,33.3
Dinamarca_1 Superliga,Nordsjælland,12,12,58.3,50.0,68.4,80.3,5.6,16.7,8.1,20.8,7,6,41.7,16.7,25.0,16.7,8.3,25.0
Dinamarca_1 Superliga,OB,12,12,58.3,25.0,79.9,69.3,14.5,7.8,18.2,11.2,7,3,16.7,16.7,25.0,8.3,25.0,8.3
Dinamarca_1 Superliga,Randers,12,12,8.3,16.7,71.0,90.5,,16.3,,18.0,1,2,0.0,0.0,8.3,8.3,0.0,8.3
Dinamarca_1 Superliga,Silkeborg,12,12,25.0,33.3,79.3,77.2,0.6,9.4,0.7,12.1,3,4,0.0,8.3,25.0,16.7,8.3,8.3
Dinamarca_1 Superliga,SønderjyskE,12,12,66.7,41.7,82.9,77.0,11.7,10.7,14.1,13.8,8,5,16.7,16.7,8.3,16.7,58.3,16.7
Dinamarca_1 Superliga,Vejle,12,12,66.7,41.7,77.8,67.6,13.4,5.0,17.3,7.4,8,5,16.7,25.0,33.3,25.0,25.0,8.3
Dinamarca_1 Superliga,Viborg,12,12,58.3,41.7,82.9,84.2,10.6,7.3,12.8,8.6,7,5,8.3,0.0,16.7,16.7,33.3,25.0
Escocia_1 Premiership,Aberdeen,15,16,53.3,25.0,73.0,85.5,10.4,10.2,14.2,12.0,8,4,20.0,0.0,33.3,12.5,33.3,12.5
Escocia_1 Premiership,Celtic,15,16,73.3,43.8,77.6,77.3,11.4,15.8,14.7,20.4,11,7,26.7,25.0,33.3,0.0,53.3,25.0
Escocia_1 Premiership,Dundee,15,16,40.0,6.2,79.2,84.0,10.8,,13.6,,6,1,6.7,0.0,13.3,0.0,40.0,6.2
Escocia_1 Premiership,Dundee United,16,15,37.5,53.3,72.3,73.2,9.6,8.3,13.3,11.4,6,8,18.8,20.0,6.2,26.7,18.8,26.7
Escocia_1 Premiership,Falkirk,16,15,37.5,40.0,78.3,73.5,9.9,10.4,12.7,14.1,6,6,6.2,13.3,12.5,20.0,25.0,6.7
Escocia_1 Premiership,Hearts,16,15,50.0,60.0,80.0,77.2,8.6,11.2,10.8,14.5,8,9,6.2,20.0,31.2,13.3,25.0,33.3
Escocia_1 Premiership,Hibernian,15,16,53.3,31.2,78.8,81.8,9.6,6.7,12.2,8.2,8,5,20.0,0.0,13.3,12.5,33.3,31.2
Escocia_1 Premiership,Kilmarnock,16,15,18.8,40.0,78.7,80.8,3.8,9.5,4.8,11.8,3,6,0.0,13.3,12.5,0.0,12.5,26.7
Escocia_1 Premiership,Livingston,15,16,40.0,18.8,79.7,76.3,12.0,11.7,15.1,15.3,6,3,13.3,6.2,6.7,6.2,26.7,18.8
Escocia_1 Premiership,Motherwell,16,15,56.2,40.0,83.6,71.8,9.6,11.8,11.5,16.4,9,6,6.2,26.7,6.2,6.7,50.0,6.7
Escocia_1 Premiership,Rangers,16,15,56.2,60.0,79.2,84.7,11.2,9.8,14.2,11.6,9,9,12.5,0.0,18.8,20.0,50.0,46.7
Escocia_1 Premiership,St. Mirren,15,16,20.0,43.8,75.3,76.3,11.4,13.3,15.1,17.5,3,7,6.7,18.8,6.7,0.0,6.7,37.5
Espanha_1 La Liga,Athletic Club Bilbao,15,14,46.7,28.6,78.9,76.5,9.8,6.8,12.4,8.9,7,4,13.3,0.0,0.0,21.4,46.7,7.1
Espanha_1 La Liga,Atlético Madrid,15,14,60.0,35.7,69.4,82.6,6.3,11.3,9.1,13.6,9,5,33.3,7.1,40.0,7.1,33.3,21.4
Espanha_1 La Liga,CA Osasuna,14,15,50.0,26.7,81.9,82.0,7.7,6.5,9.4,7.9,7,4,0.0,0.0,28.6,13.3,50.0,26.7
Espanha_1 La Liga,Celta de Vigo,15,14,40.0,50.0,83.5,82.3,9.4,11.3,11.3,13.8,6,7,6.7,14.3,6.7,7.1,40.0,35.7
Espanha_1 La Liga,Deportivo Alavés,14,15,35.7,33.3,78.8,74.4,11.2,6.1,14.2,8.2,5,5,14.3,0.0,7.1,33.3,28.6,6.7
Espanha_1 La Liga,Elche CF,15,14,40.0,57.1,75.3,82.2,11.2,9.9,14.8,12.1,6,8,26.7,14.3,6.7,7.1,26.7,35.7
Espanha_1 La Liga,FC Barcelona,15,14,80.0,64.3,73.7,76.3,12.4,11.1,16.8,14.5,12,9,46.7,28.6,13.3,14.3,60.0,35.7
Espanha_1 La Liga,Getafe CF,14,15,21.4,26.7,75.0,77.2,13.7,8.6,18.3,11.2,3,4,7.1,0.0,7.1,20.0,14.3,6.7
Espanha_1 La Liga,Girona FC,14,15,35.7,40.0,71.8,82.2,13.9,13.3,19.4,16.2,5,6,21.4,6.7,7.1,13.3,35.7,26.7
Espanha_1 La Liga,Levante UD,15,14,33.3,35.7,81.8,73.6,13.7,5.3,16.8,7.2,5,5,13.3,14.3,0.0,14.3,33.3,28.6
Espanha_1 La Liga,RCD Espanyol,15,14,40.0,35.7,78.0,80.6,11.3,7.1,14.5,8.8,6,5,13.3,7.1,6.7,14.3,33.3,21.4
Espanha_1 La Liga,RCD Mallorca,14,15,71.4,26.7,76.0,67.5,10.2,6.8,13.5,10.1,10,4,35.7,20.0,14.3,20.0,50.0,0.0
Espanha_1 La Liga,Rayo Vallecano,14,15,42.9,20.0,75.8,75.3,13.8,9.6,18.1,12.8,6,3,21.4,6.7,7.1,6.7,14.3,6.7
Espanha_1 La Liga,Real Betis,14,15,42.9,60.0,82.8,74.6,9.8,10.3,11.9,13.9,6,9,7.1,26.7,7.1,13.3,35.7,26.7
Espanha_1 La Liga,Real Madrid,15,14,53.3,71.4,77.8,77.4,12.0,10.8,15.4,14.0,8,10,20.0,28.6,6.7,28.6,46.7,42.9
Espanha_1 La Liga,Real Oviedo,14,15,14.3,26.7,69.0,85.5,7.1,12.7,10.2,14.8,2,4,7.1,6.7,7.1,0.0,0.0,26.7
Espanha_1 La Liga,Real Sociedad,14,15,50.0,33.3,77.0,84.8,12.5,10.6,16.2,12.5,7,5,21.4,6.7,14.3,0.0,42.9,26.7
Espanha_1 La Liga,Sevilla FC,15,14,26.7,57.1,89.0,75.6,2.9,11.4,3.3,15.1,4,8,0.0,21.4,0.0,14.3,33.3,35.7
Espanha_1 La Liga,Valencia CF,14,15,64.3,40.0,84.7,67.8,10.2,8.4,12.0,12.4,9,6,7.1,33.3,14.3,0.0,57.1,13.3
Espanha_1 La Liga,Villarreal,15,14,53.3,50.0,70.1,83.0,7.3,10.8,10.5,13.0,8,7,33.3,7.1,13.3,14.3,13.3,28.6
Espanha_2 Segunda Division,Albacete Balompié,15,16,33.3,50.0,83.2,72.5,14.3,7.4,17.2,10.2,5,8,6.7,25.0,6.7,12.5,26.7,37.5
Espanha_2 Segunda Division,Almería,15,16,53.3,56.2,79.4,77.7,8.7,11.3,11.0,14.6,8,9,13.3,18.8,13.3,18.8,60.0,25.0
Espanha_2 Segunda Division,Burgos CF,16,15,50.0,33.3,74.8,83.6,9.7,15.2,13.0,18.2,8,5,12.5,6.7,25.0,6.7,18.8,26.7
Espanha_2 Segunda Division,CD Castellón,15,16,66.7,25.0,80.3,80.2,10.9,12.3,13.6,15.4,10,4,13.3,6.2,20.0,6.2,46.7,25.0
Espanha_2 Segunda Division,Ceuta,15,16,46.7,25.0,84.9,78.8,9.6,7.8,11.3,10.0,7,4,6.7,6.2,6.7,12.5,33.3,6.2
Espanha_2 Segunda Division,Cultural y Deportiva Leonesa,15,16,20.0,12.5,71.0,82.0,13.9,11.3,19.6,13.8,3,2,13.3,0.0,0.0,6.2,13.3,12.5
Espanha_2 Segunda Division,Cádiz,16,15,37.5,33.3,70.8,77.2,11.4,10.0,16.1,13.0,6,5,25.0,13.3,6.2,13.3,12.5,13.3
Espanha_2 Segunda Division,Córdoba,15,16,46.7,50.0,76.3,74.9,9.0,10.9,11.8,14.6,7,8,13.3,18.8,26.7,18.8,20.0,25.0
Espanha_2 Segunda Division,Deportivo La Coruña,15,16,46.7,62.5,78.4,82.0,13.4,8.7,17.1,10.6,7,10,13.3,0.0,13.3,37.5,20.0,56.2
Espanha_2 Segunda Division,FC Andorra,15,16,40.0,50.0,87.2,79.5,6.6,8.1,7.6,10.2,6,8,0.0,6.2,6.7,37.5,33.3,12.5
Espanha_2 Segunda Division,Granada CF,16,15,18.8,40.0,70.0,74.3,6.1,14.2,8.7,19.0,3,6,6.2,26.7,12.5,0.0,6.2,13.3
Espanha_2 Segunda Division,Leganés,15,16,33.3,43.8,77.6,79.7,10.8,10.3,13.9,13.0,5,7,6.7,12.5,13.3,12.5,33.3,31.2
Espanha_2 Segunda Division,Mirandés,16,15,37.5,26.7,81.3,75.2,8.0,8.2,9.9,10.9,6,4,6.2,13.3,6.2,6.7,25.0,13.3
Espanha_2 Segunda Division,Málaga CF,16,15,56.2,20.0,82.6,88.0,11.6,2.6,14.0,3.0,9,3,12.5,0.0,0.0,0.0,62.5,20.0
Espanha_2 Segunda Division,Racing Santander,16,15,62.5,60.0,72.6,72.3,8.0,8.3,11.0,11.4,10,9,31.2,20.0,25.0,26.7,37.5,26.7
Espanha_2 Segunda Division,Real Sociedad II,16,15,31.2,46.7,78.8,77.9,14.2,10.2,18.0,13.1,5,7,18.8,6.7,0.0,33.3,18.8,33.3
Espanha_2 Segunda Division,Real Valladolid,15,16,40.0,18.8,80.8,68.0,11.9,7.0,14.7,10.3,6,3,6.7,12.5,13.3,6.2,33.3,6.2
Espanha_2 Segunda Division,Real Zaragoza,15,16,33.3,31.2,77.8,86.6,7.9,7.0,10.1,8.1,5,5,6.7,0.0,26.7,6.2,13.3,31.2
Espanha_2 Segunda Division,SD Eibar,16,15,56.2,13.3,78.3,76.5,10.9,9.2,13.9,12.0,9,2,18.8,6.7,18.8,0.0,31.2,6.7
Espanha_2 Segunda Division,SD Huesca,16,15,62.5,20.0,83.4,85.0,8.7,3.0,10.4,3.5,10,3,0.0,0.0,31.2,0.0,37.5,26.7
Espanha_2 Segunda Division,Sporting Gijón,16,15,62.5,33.3,78.1,78.0,10.6,9.2,13.6,11.9,10,5,12.5,6.7,31.2,13.3,25.0,20.0
Espanha_2 Segunda Division,UD Las Palmas,16,15,18.8,33.3,73.3,86.4,10.2,5.3,13.9,6.1,3,5,12.5,0.0,0.0,6.7,12.5,26.7
Franca_1 Ligue 1,Angers SCO,13,14,46.2,21.4,83.0,82.7,8.0,18.1,9.6,22.0,6,3,0.0,7.1,15.4,0.0,46.2,14.3
Franca_1 Ligue 1,Auxerre,14,13,35.7,15.4,71.8,74.0,10.6,2.8,14.8,3.8,5,2,21.4,0.0,7.1,15.4,14.3,7.7
Franca_1 Ligue 1,Brest,13,14,46.2,28.6,78.7,81.0,11.0,8.3,14.0,10.2,6,4,7.7,7.1,38.5,0.0,7.7,21.4
Franca_1 Ligue 1,Le Havre,14,13,35.7,30.8,77.8,72.2,12.4,13.6,15.9,18.8,5,4,7.1,23.1,14.3,0.0,21.4,15.4
Franca_1 Ligue 1,Lens,14,13,50.0,53.8,71.9,81.9,6.0,11.1,8.4,13.6,7,7,21.4,7.7,28.6,7.7,14.3,53.8
Franca_1 Ligue 1,Lille,13,14,69.2,42.9,81.1,80.5,12.1,8.9,14.9,11.0,9,6,15.4,7.1,23.1,28.6,69.2,50.0
Franca_1 Ligue 1,Lorient,13,14,53.8,28.6,74.4,76.2,10.9,12.0,14.7,15.8,7,4,30.8,14.3,15.4,7.1,23.1,28.6
Franca_1 Ligue 1,Metz,13,14,46.2,28.6,83.0,80.8,10.3,11.5,12.4,14.2,6,4,7.7,7.1,0.0,7.1,46.2,21.4
Franca_1 Ligue 1,Monaco,14,13,57.1,61.5,76.6,78.2,12.6,14.1,16.4,18.0,8,8,21.4,23.1,21.4,38.5,35.7,30.8
Franca_1 Ligue 1,Nantes,14,12,21.4,33.3,78.3,76.0,13.6,11.5,17.3,15.2,3,4,7.1,8.3,7.1,8.3,14.3,16.7
Franca_1 Ligue 1,Nice,14,13,28.6,15.4,72.2,79.0,11.6,19.8,16.0,25.1,4,2,14.3,7.7,14.3,0.0,7.1,15.4
Franca_1 Ligue 1,Olympique Lyonnais,13,14,53.8,28.6,79.4,84.2,13.0,8.5,16.4,10.1,7,4,23.1,0.0,7.7,14.3,30.8,14.3
Franca_1 Ligue 1,Olympique Marseille,14,13,71.4,30.8,76.7,77.2,8.2,8.1,10.7,10.4,10,4,21.4,7.7,42.9,23.1,64.3,15.4
Franca_1 Ligue 1,PSG,12,14,66.7,71.4,72.6,77.7,10.4,11.4,14.3,14.7,8,10,41.7,21.4,33.3,21.4,41.7,35.7
Franca_1 Ligue 1,Paris,13,14,38.5,28.6,76.2,78.2,9.5,11.0,12.5,14.0,5,4,15.4,7.1,7.7,7.1,46.2,14.3
Franca_1 Ligue 1,Rennes,14,13,50.0,15.4,78.9,77.5,9.5,4.9,12.0,6.4,7,2,14.3,0.0,14.3,7.7,50.0,15.4
Franca_1 Ligue 1,Strasbourg,13,14,38.5,50.0,75.6,76.7,13.4,4.8,17.7,6.3,5,7,30.8,0.0,0.0,50.0,23.1,28.6
Franca_1 Ligue 1,Toulouse,14,13,57.1,46.2,78.5,83.5,8.8,13.5,11.2,16.1,8,6,14.3,15.4,21.4,0.0,42.9,38.5
Franca_2 Ligue 2,Amiens SC,14,14,42.9,42.9,78.0,85.5,11.7,12.2,15.0,14.3,6,6,7.1,7.1,21.4,7.1,14.3,28.6
Franca_2 Ligue 2,Annecy,13,15,30.8,33.3,75.2,72.6,9.0,14.6,12.0,20.1,4,5,7.7,33.3,23.1,0.0,15.4,13.3
Franca_2 Ligue 2,Bastia,13,14,15.4,14.3,73.5,77.5,14.8,21.9,20.2,28.3,2,2,7.7,7.1,0.0,7.1,7.7,7.1
Franca_2 Ligue 2,Boulogne,14,14,42.9,42.9,74.8,71.3,10.7,12.0,14.4,16.8,6,6,21.4,35.7,21.4,14.3,28.6,14.3
Franca_2 Ligue 2,Clermont,14,14,35.7,28.6,76.6,82.5,15.6,8.9,20.4,10.8,5,4,28.6,0.0,0.0,7.1,28.6,21.4
Franca_2 Ligue 2,Dunkerque,14,14,35.7,21.4,68.0,66.0,7.5,2.6,11.1,4.0,5,3,28.6,21.4,14.3,0.0,0.0,7.1
Franca_2 Ligue 2,Grenoble Foot 38,14,14,28.6,42.9,83.5,77.8,8.4,3.3,10.1,4.3,4,6,0.0,0.0,14.3,42.9,14.3,14.3
Franca_2 Ligue 2,Guingamp,15,13,20.0,46.2,75.0,72.8,8.9,10.0,11.9,13.7,3,6,6.7,30.8,6.7,7.7,20.0,30.8
Franca_2 Ligue 2,Laval,14,14,35.7,7.1,83.4,79.0,6.7,,8.1,,5,1,0.0,0.0,7.1,7.1,35.7,0.0
Franca_2 Ligue 2,Le Mans,14,14,50.0,64.3,76.1,82.3,16.5,12.8,21.7,15.5,7,9,28.6,14.3,0.0,14.3,28.6,35.7
Franca_2 Ligue 2,Montpellier,14,14,50.0,35.7,81.0,76.4,9.1,15.2,11.2,19.9,7,5,7.1,14.3,21.4,7.1,35.7,21.4
Franca_2 Ligue 2,Nancy,14,14,28.6,21.4,85.2,78.7,11.6,1.2,13.6,1.5,4,3,7.1,0.0,0.0,21.4,21.4,0.0
Franca_2 Ligue 2,Pau,15,13,20.0,46.2,78.0,81.7,14.5,13.9,18.6,17.0,3,6,6.7,15.4,6.7,0.0,6.7,38.5
Franca_2 Ligue 2,Red Star,13,14,38.5,57.1,80.0,76.2,6.9,10.1,8.6,13.2,5,8,0.0,14.3,15.4,21.4,23.1,28.6
Franca_2 Ligue 2,Reims,13,15,46.2,60.0,78.2,86.1,12.6,10.9,16.2,12.6,6,9,15.4,13.3,7.7,6.7,23.1,40.0
Franca_2 Ligue 2,Rodez,14,14,50.0,50.0,76.4,80.3,7.8,14.4,10.2,17.9,7,7,7.1,14.3,28.6,7.1,21.4,50.0
Franca_2 Ligue 2,Saint-Étienne,14,14,57.1,35.7,76.9,69.8,9.2,6.7,12.0,9.6,8,5,14.3,14.3,35.7,21.4,14.3,7.1
Franca_2 Ligue 2,Troyes,15,13,60.0,38.5,75.4,76.4,7.5,13.0,10.0,17.0,9,5,13.3,15.4,40.0,15.4,46.7,15.4
Grecia_1 Super League,AEK Athens,13,13,46.2,61.5,72.3,80.0,10.6,14.6,14.7,18.2,6,8,38.5,38.5,15.4,15.4,15.4,46.2
Grecia_1 Super League,Aris,13,13,30.8,30.8,75.2,77.8,16.7,6.7,22.2,8.6,4,4,23.1,0.0,7.7,23.1,7.7,7.7
Grecia_1 Super League,Asteras Tripolis,13,13,46.2,15.4,72.7,79.0,7.3,4.2,10.1,5.4,6,2,15.4,0.0,38.5,7.7,7.7,7.7
Grecia_1 Super League,Atromitos,13,13,30.8,38.5,83.2,74.2,10.7,3.9,12.9,5.3,4,5,0.0,0.0,15.4,30.8,15.4,15.4
Grecia_1 Super League,Kifisia,13,13,38.5,23.1,76.8,76.0,7.9,11.8,10.2,15.5,5,3,7.7,7.7,23.1,7.7,23.1,15.4
Grecia_1 Super League,Larissa,13,13,23.1,15.4,78.7,83.0,18.8,19.8,23.9,23.9,3,2,7.7,7.7,7.7,0.0,7.7,15.4
Grecia_1 Super League,Levadiakos,13,13,69.2,61.5,64.8,83.0,4.1,9.4,6.4,11.4,9,8,61.5,7.7,15.4,23.1,15.4,30.8
Grecia_1 Super League,OFI,13,13,38.5,7.7,69.2,65.0,6.3,,9.1,,5,1,23.1,7.7,30.8,0.0,0.0,0.0
Grecia_1 Super League,Olympiakos Piraeus,13,13,53.8,53.8,79.3,79.4,13.9,14.2,17.5,17.9,7,7,30.8,23.1,0.0,15.4,61.5,30.8
Grecia_1 Super League,PAOK,13,13,38.5,30.8,77.2,74.0,11.1,12.0,14.4,16.2,5,4,7.7,7.7,30.8,15.4,23.1,38.5
Grecia_1 Super League,Panaitolikos,13,13,30.8,23.1,65.8,75.7,2.8,11.6,4.2,15.3,4,3,30.8,7.7,23.1,7.7,7.7,15.4
Grecia_1 Super League,Panathinaikos,13,13,46.2,38.5,73.0,81.2,8.5,14.1,11.7,17.4,6,5,23.1,15.4,15.4,7.7,30.8,15.4
Grecia_1 Super League,Panserraikos,13,13,30.8,23.1,82.8,82.3,10.0,13.4,12.1,16.3,4,3,7.7,7.7,0.0,0.0,23.1,15.4
Grecia_1 Super League,Volos NFC,13,13,46.2,15.4,75.0,76.5,14.9,2.1,19.9,2.8,6,2,23.1,0.0,7.7,15.4,23.1,7.7
Holanda_1 Eredivisie,AZ,13,15,46.2,53.3,79.5,78.1,13.6,8.2,17.1,10.5,6,8,15.4,6.7,7.7,33.3,46.2,20.0
Holanda_1 Eredivisie,Ajax,14,14,42.9,35.7,84.0,77.4,7.0,13.0,8.3,16.8,6,5,0.0,7.1,14.3,14.3,35.7,21.4
Holanda_1 Eredivisie,Excelsior,14,14,35.7,35.7,76.8,82.6,3.8,6.8,5.0,8.2,5,5,0.0,0.0,35.7,14.3,14.3,21.4
Holanda_1 Eredivisie,Feyenoord,15,13,66.7,38.5,80.3,75.0,9.0,10.9,11.2,14.5,10,5,6.7,15.4,20.0,15.4,60.0,15.4
Holanda_1 Eredivisie,Fortuna Sittard,14,14,42.9,42.9,82.7,76.2,10.3,10.4,12.5,13.6,6,6,7.1,14.3,7.1,14.3,28.6,35.7
Holanda_1 Eredivisie,Go Ahead Eagles,14,14,57.1,50.0,78.4,78.3,11.0,12.3,14.0,15.8,8,7,21.4,14.3,21.4,21.4,42.9,21.4
Holanda_1 Eredivisie,Groningen,14,14,50.0,57.1,82.6,74.4,10.9,12.8,13.2,17.2,7,8,7.1,28.6,21.4,7.1,35.7,28.6
Holanda_1 Eredivisie,Heerenveen,14,14,64.3,42.9,77.2,70.0,11.7,3.6,15.2,5.2,9,6,21.4,35.7,21.4,7.1,42.9,14.3
Holanda_1 Eredivisie,Heracles,14,14,35.7,21.4,79.6,82.0,13.5,10.8,17.0,13.2,5,3,21.4,0.0,7.1,14.3,21.4,7.1
Holanda_1 Eredivisie,NAC Breda,14,14,35.7,28.6,81.6,83.0,12.4,12.2,15.2,14.8,5,4,7.1,7.1,0.0,7.1,35.7,14.3
Holanda_1 Eredivisie,NEC,14,14,71.4,64.3,74.4,69.9,11.1,3.9,14.9,5.6,10,9,35.7,42.9,21.4,21.4,28.6,50.0
Holanda_1 Eredivisie,PEC Zwolle,14,14,21.4,50.0,81.0,76.0,13.5,10.8,16.7,14.3,3,7,14.3,21.4,0.0,14.3,21.4,14.3
Holanda_1 Eredivisie,PSV,14,14,71.4,57.1,79.6,71.5,10.1,6.6,12.7,9.2,10,8,28.6,21.4,7.1,35.7,57.1,21.4
Holanda_1 Eredivisie,Sparta Rotterdam,14,14,35.7,71.4,82.6,75.8,10.7,12.5,13.0,16.5,5,10,7.1,28.6,0.0,14.3,28.6,50.0
Holanda_1 Eredivisie,Telstar,14,14,50.0,42.9,76.1,71.7,10.4,12.6,13.7,17.6,7,6,14.3,28.6,21.4,7.1,42.9,7.1
Holanda_1 Eredivisie,Twente,14,14,57.1,42.9,73.2,80.0,9.1,9.3,12.4,11.6,8,6,21.4,7.1,21.4,7.1,28.6,35.7
Holanda_1 Eredivisie,Utrecht,14,14,28.6,42.9,73.2,75.5,11.8,11.5,16.1,15.3,4,6,21.4,21.4,14.3,7.1,14.3,21.4
Holanda_1 Eredivisie,Volendam,14,14,64.3,21.4,78.0,73.3,11.1,15.3,14.2,20.9,9,3,21.4,14.3,21.4,0.0,28.6,14.3
Holanda_2 Eerste Divisie,ADO Den Haag,16,17,62.5,64.7,76.3,75.0,10.0,12.1,13.1,16.1,10,11,18.8,29.4,37.5,17.6,37.5,35.3
Holanda_2 Eerste Divisie,AZ II,16,17,37.5,52.9,74.7,72.3,10.2,10.3,13.6,14.2,6,9,18.8,29.4,6.2,17.6,31.2,29.4
Holanda_2 Eerste Divisie,Ajax II,17,16,41.2,56.2,81.3,77.4,10.8,7.4,13.3,9.6,7,9,11.8,6.2,0.0,37.5,47.1,18.8
Holanda_2 Eerste Divisie,Almere City,16,17,56.2,64.7,74.3,77.8,9.5,9.3,12.8,12.0,9,11,12.5,17.6,37.5,29.4,43.8,35.3
Holanda_2 Eerste Divisie,Cambuur,17,15,70.6,60.0,75.2,75.8,12.0,8.8,16.0,11.6,12,9,29.4,26.7,29.4,26.7,47.1,26.7
Holanda_2 Eerste Divisie,De Graafschap,17,15,41.2,60.0,80.1,80.1,10.5,9.7,13.2,12.1,7,9,5.9,13.3,17.6,20.0,23.5,40.0
Holanda_2 Eerste Divisie,Den Bosch,16,17,50.0,52.9,77.6,80.0,11.0,8.6,14.2,10.8,8,9,18.8,11.8,12.5,23.5,43.8,29.4
Holanda_2 Eerste Divisie,Dordrecht,16,17,37.5,64.7,76.0,75.8,11.7,9.7,15.4,12.9,6,11,12.5,17.6,25.0,35.3,12.5,23.5
Holanda_2 Eerste Divisie,Eindhoven,15,17,60.0,41.2,78.8,81.4,9.4,7.9,12.0,9.7,9,7,20.0,0.0,6.7,17.6,40.0,29.4
Holanda_2 Eerste Divisie,Emmen,16,15,43.8,53.3,81.4,80.0,11.7,7.2,14.4,9.0,7,8,6.2,6.7,25.0,26.7,37.5,26.7
Holanda_2 Eerste Divisie,Helmond Sport,17,16,41.2,18.8,79.3,78.0,8.5,9.8,10.7,12.6,7,3,5.9,6.2,17.6,0.0,17.6,18.8
Holanda_2 Eerste Divisie,MVV,16,17,50.0,23.5,78.9,75.2,13.5,11.3,17.1,15.0,8,4,31.2,11.8,6.2,5.9,37.5,5.9
Holanda_2 Eerste Divisie,Oss,17,16,29.4,37.5,77.2,72.5,14.0,13.2,18.1,18.3,5,6,11.8,18.8,11.8,12.5,17.6,18.8
Holanda_2 Eerste Divisie,PSV II,17,16,29.4,43.8,74.0,76.4,9.7,8.5,13.1,11.1,5,7,11.8,18.8,11.8,18.8,11.8,18.8
Holanda_2 Eerste Divisie,RKC Waalwijk,17,16,41.2,43.8,83.3,72.6,5.9,9.3,7.1,12.8,7,7,0.0,25.0,17.6,25.0,35.3,18.8
Holanda_2 Eerste Divisie,Roda JC,17,16,41.2,56.2,77.7,84.9,11.0,9.0,14.1,10.5,7,9,17.6,6.2,11.8,18.8,29.4,37.5
Holanda_2 Eerste Divisie,Utrecht II,17,16,47.1,37.5,75.4,72.3,10.4,10.4,13.8,14.3,8,6,23.5,25.0,5.9,6.2,29.4,18.8
Holanda_2 Eerste Divisie,VVV,16,17,43.8,82.4,82.1,79.1,12.0,10.0,14.6,12.7,7,14,6.2,17.6,12.5,29.4,31.2,41.2
Holanda_2 Eerste Divisie,Vitesse,16,17,37.5,41.2,80.0,77.4,11.5,12.6,14.4,16.2,6,7,6.2,17.6,12.5,0.0,25.0,52.9
Holanda_2 Eerste Divisie,Willem II,15,17,40.0,47.1,85.0,75.9,8.1,9.8,9.6,12.9,6,8,0.0,11.8,13.3,17.6,33.3,23.5
Hungria_1 NB I,Debrecen,13,14,23.1,64.3,74.3,72.7,4.7,8.3,6.4,11.5,3,9,7.7,35.7,15.4,7.1,0.0,42.9
Hungria_1 NB I,Diósgyőr,13,14,38.5,28.6,72.2,81.2,9.9,11.0,13.7,13.5,5,4,23.1,7.1,15.4,0.0,15.4,42.9
Hungria_1 NB I,Ferencváros,12,14,50.0,57.1,79.7,77.0,8.5,8.6,10.6,11.2,6,8,16.7,7.1,8.3,28.6,58.3,21.4
Hungria_1 NB I,Győri ETO,13,14,61.5,71.4,78.9,69.2,11.6,5.7,14.7,8.2,8,10,15.4,42.9,15.4,42.9,53.8,21.4
Hungria_1 NB I,Kazincbarcika,14,13,0.0,38.5,,75.4,,9.7,,12.9,0,5,0.0,7.7,0.0,30.8,0.0,7.7
Hungria_1 NB I,MTK,14,13,64.3,46.2,73.6,80.7,7.0,8.0,9.5,10.0,9,6,28.6,0.0,28.6,30.8,21.4,30.8
Hungria_1 NB I,Nyíregyháza Spartacus,14,13,42.9,38.5,78.2,81.0,9.9,12.0,12.7,14.8,6,5,7.1,7.7,21.4,7.7,35.7,23.1
Hungria_1 NB I,Paksi SE,13,14,69.2,50.0,79.7,84.7,10.9,6.2,13.7,7.3,9,7,30.8,0.0,7.7,7.1,69.2,42.9
Hungria_1 NB I,Puskás,13,13,38.5,38.5,72.0,79.6,9.1,8.8,12.7,11.0,5,5,23.1,0.0,7.7,23.1,15.4,23.1
Hungria_1 NB I,Várda SE,14,13,50.0,23.1,72.6,66.3,9.6,3.8,13.2,5.7,7,3,21.4,23.1,28.6,7.7,14.3,0.0
Hungria_1 NB I,Zalaegerszegi TE,14,13,64.3,53.8,79.0,84.3,10.6,9.4,13.5,11.2,9,7,14.3,7.7,35.7,15.4,50.0,38.5
Hungria_1 NB I,Újpest,14,13,28.6,46.2,63.0,77.5,0.0,8.4,0.0,10.8,4,6,28.6,7.7,0.0,30.8,7.1,23.1
Inglaterra_1 Premier League,AFC Bournemouth,16,15,56.2,46.7,74.6,79.6,12.8,13.1,17.2,16.4,9,7,31.2,20.0,12.5,13.3,37.5,26.7
Inglaterra_1 Premier League,Arsenal,15,16,80.0,37.5,78.8,70.0,11.3,8.7,14.3,12.4,12,6,33.3,18.8,20.0,12.5,53.3,25.0
Inglaterra_1 Premier League,Aston Villa,16,15,50.0,60.0,77.1,76.1,11.5,10.5,14.9,13.8,8,9,18.8,20.0,12.5,26.7,25.0,20.0
Inglaterra_1 Premier League,Brentford,15,16,53.3,43.8,81.1,82.6,12.3,10.9,15.1,13.2,8,7,13.3,6.2,20.0,12.5,46.7,31.2
Inglaterra_1 Premier League,Brighton & Hove Albion,16,15,50.0,40.0,78.0,75.0,10.6,11.1,13.6,14.8,8,6,18.8,13.3,12.5,13.3,37.5,33.3
Inglaterra_1 Premier League,Burnley,15,16,33.3,56.2,76.8,84.8,10.1,12.4,13.1,14.6,5,9,13.3,12.5,6.7,6.2,13.3,37.5
Inglaterra_1 Premier League,Chelsea,15,16,26.7,56.2,76.5,74.8,13.1,12.1,17.2,16.1,4,9,13.3,25.0,13.3,12.5,13.3,25.0
Inglaterra_1 Premier League,Crystal Palace,15,15,26.7,40.0,84.8,73.2,14.4,13.0,16.9,17.8,4,6,13.3,33.3,0.0,6.7,26.7,13.3
Inglaterra_1 Premier League,Everton,16,15,43.8,33.3,72.9,82.4,7.3,8.6,10.0,10.5,7,5,18.8,0.0,25.0,20.0,18.8,20.0
Inglaterra_1 Premier League,Fulham,16,15,56.2,40.0,78.0,79.7,11.9,12.6,15.3,15.9,9,6,12.5,13.3,37.5,6.7,37.5,33.3
Inglaterra_1 Premier League,Leeds United,16,15,37.5,26.7,80.5,74.0,14.2,7.6,17.7,10.3,6,4,6.2,13.3,18.8,13.3,25.0,6.7
Inglaterra_1 Premier League,Liverpool,15,16,46.7,81.2,77.3,83.6,7.4,13.1,9.6,15.7,7,13,13.3,18.8,13.3,12.5,40.0,50.0
Inglaterra_1 Premier League,Manchester City,15,15,53.3,33.3,67.8,73.0,9.8,10.1,14.5,13.8,8,5,53.3,20.0,0.0,0.0,20.0,33.3
Inglaterra_1 Premier League,Manchester United,15,16,53.3,62.5,76.4,76.6,13.5,13.9,17.7,18.2,8,10,20.0,25.0,26.7,12.5,33.3,37.5
Inglaterra_1 Premier League,Newcastle United,16,15,62.5,20.0,80.9,79.0,9.7,12.8,12.0,16.2,10,3,12.5,6.7,25.0,6.7,50.0,6.7
Inglaterra_1 Premier League,Nottingham Forest,15,16,13.3,50.0,73.5,75.4,7.8,10.1,10.6,13.4,2,8,6.7,12.5,6.7,25.0,6.7,18.8
Inglaterra_1 Premier League,Sunderland,15,16,60.0,37.5,76.9,77.7,10.8,11.8,14.0,15.2,9,6,13.3,18.8,33.3,6.2,33.3,12.5
Inglaterra_1 Premier League,Tottenham Hotspur,16,15,43.8,53.3,75.0,79.6,11.9,10.3,15.9,12.9,7,8,25.0,13.3,0.0,13.3,25.0,33.3
Inglaterra_1 Premier League,West Ham United,15,16,13.3,50.0,87.0,78.5,14.1,10.7,16.3,13.6,2,8,0.0,12.5,6.7,12.5,13.3,37.5
Inglaterra_1 Premier League,Wolverhampton Wanderers,16,15,25.0,20.0,69.8,78.7,10.1,10.6,14.5,13.5,4,3,12.5,6.7,12.5,6.7,18.8,6.7
Inglaterra_2 Championship,Birmingham City,19,20,42.1,30.0,76.2,80.3,16.8,10.4,22.0,13.0,8,6,26.3,5.0,0.0,10.0,21.1,25.0
Inglaterra_2 Championship,Blackburn Rovers,20,19,40.0,15.8,80.4,68.3,9.5,10.1,11.9,14.8,8,3,5.0,10.5,20.0,5.3,20.0,5.3
Inglaterra_2 Championship,Bristol City,20,19,40.0,15.8,76.9,83.7,12.1,11.6,15.7,13.9,8,3,15.0,0.0,10.0,5.3,20.0,10.5
Inglaterra_2 Championship,Charlton Athletic,19,20,52.6,40.0,78.1,79.8,10.4,13.8,13.3,17.3,10,8,15.8,20.0,15.8,0.0,26.3,20.0
Inglaterra_2 Championship,Coventry City,19,20,63.2,35.0,79.7,76.4,12.7,9.5,15.9,12.4,12,7,15.8,15.0,21.1,20.0,26.3,30.0
Inglaterra_2 Championship,Derby County,20,19,45.0,36.8,75.3,71.3,9.0,8.8,12.0,12.3,9,7,20.0,21.1,10.0,5.3,20.0,15.8
Inglaterra_2 Championship,Hull City,20,19,40.0,52.6,74.8,83.0,9.3,12.1,12.5,14.6,8,10,15.0,10.5,20.0,5.3,10.0,36.8
Inglaterra_2 Championship,Ipswich Town,20,18,55.0,66.7,82.7,76.1,12.6,9.9,15.2,13.0,11,12,10.0,16.7,25.0,44.4,30.0,33.3
Inglaterra_2 Championship,Leicester City,19,20,26.3,45.0,87.2,79.9,4.3,10.0,5.0,12.6,5,9,0.0,10.0,0.0,15.0,26.3,30.0
Inglaterra_2 Championship,Middlesbrough,19,20,31.6,35.0,67.7,79.6,7.9,11.5,11.7,14.4,6,7,26.3,10.0,15.8,15.0,5.3,30.0
Inglaterra_2 Championship,Millwall,20,19,40.0,52.6,76.6,77.8,8.6,9.1,11.2,11.7,8,10,5.0,15.8,20.0,21.1,35.0,31.6
Inglaterra_2 Championship,Norwich City,19,20,47.4,35.0,70.7,76.4,11.0,13.9,15.5,18.2,9,7,31.6,20.0,10.5,10.0,15.8,20.0
Inglaterra_2 Championship,Oxford United,19,20,21.1,20.0,84.2,79.2,10.0,16.0,11.8,20.1,4,4,0.0,5.0,10.5,5.0,10.5,10.0
Inglaterra_2 Championship,Portsmouth,19,19,42.1,26.3,77.5,76.2,12.0,11.5,15.5,15.1,8,5,15.8,10.5,15.8,5.3,21.1,10.5
Inglaterra_2 Championship,Preston North End,20,19,40.0,31.6,78.0,79.0,11.7,8.8,15.0,11.2,8,6,15.0,5.3,10.0,15.8,25.0,10.5
Inglaterra_2 Championship,Queens Park Rangers,19,20,63.2,35.0,81.5,75.0,10.4,10.4,12.7,13.9,12,7,10.5,15.0,21.1,10.0,52.6,20.0
Inglaterra_2 Championship,Sheffield United,19,20,36.8,20.0,73.7,79.0,7.5,13.4,10.1,17.0,7,4,10.5,10.0,21.1,0.0,10.5,15.0
Inglaterra_2 Championship,Sheffield Wednesday,20,19,0.0,21.1,,69.8,,5.4,,7.7,0,4,0.0,10.5,0.0,10.5,0.0,5.3
Inglaterra_2 Championship,Southampton,19,20,31.6,45.0,73.5,78.7,9.9,11.5,13.5,14.6,6,9,15.8,10.0,10.5,15.0,10.5,35.0
Inglaterra_2 Championship,Stoke City,19,20,31.6,25.0,77.3,72.0,12.6,2.8,16.3,3.9,6,5,15.8,10.0,5.3,15.0,26.3,5.0
Inglaterra_2 Championship,Swansea City,20,19,60.0,31.6,76.6,74.8,10.8,7.4,14.1,9.9,12,6,30.0,10.5,15.0,15.8,30.0,5.3
Inglaterra_2 Championship,Watford,20,19,40.0,42.1,79.8,74.2,13.2,12.0,16.5,16.2,8,8,10.0,21.1,20.0,5.3,20.0,26.3
Inglaterra_2 Championship,West Bromwich Albion,19,20,36.8,30.0,72.1,80.0,10.0,11.9,13.8,14.9,7,6,21.1,5.0,10.5,10.0,15.8,25.0
Inglaterra_2 Championship,Wrexham,20,19,65.0,26.3,78.1,86.4,11.1,13.9,14.2,16.1,13,5,20.0,0.0,30.0,15.8,35.0,15.8
Inglaterra_3 League One,AFC Wimbledon,19,19,42.1,42.1,73.5,73.4,8.9,8.0,12.1,10.9,8,8,21.1,21.1,15.8,10.5,10.5,21.1
Inglaterra_3 League One,Barnsley,20,17,40.0,41.2,78.1,69.0,14.2,7.9,18.2,11.4,8,7,15.0,35.3,10.0,0.0,30.0,5.9
Inglaterra_3 League One,Blackpool,19,20,36.8,40.0,80.1,78.2,13.8,11.4,17.2,14.6,7,8,10.5,10.0,10.5,15.0,31.6,20.0
Inglaterra_3 League One,Bolton Wanderers,19,20,52.6,55.0,82.2,81.1,13.8,11.5,16.8,14.1,10,11,21.1,10.0,5.3,15.0,52.6,45.0
Inglaterra_3 League One,Bradford City,19,20,42.1,40.0,76.2,77.2,9.4,11.5,12.3,14.9,8,8,10.5,15.0,15.8,10.0,21.1,15.0
Inglaterra_3 League One,Burton Albion,20,19,35.0,42.1,76.7,74.4,10.5,11.5,13.7,15.5,7,8,10.0,26.3,15.0,0.0,10.0,15.8
Inglaterra_3 League One,Cardiff City,20,19,50.0,57.9,72.1,86.4,13.1,13.4,18.2,15.5,10,11,40.0,15.8,10.0,0.0,30.0,47.4
Inglaterra_3 League One,Doncaster Rovers,18,20,11.1,40.0,85.5,73.1,3.5,11.5,4.1,15.8,2,8,0.0,20.0,0.0,15.0,11.1,10.0
Inglaterra_3 League One,Exeter City,19,20,47.4,25.0,75.1,86.8,10.5,7.9,13.9,9.1,9,5,21.1,0.0,26.3,5.0,15.8,20.0
Inglaterra_3 League One,Huddersfield Town,19,20,57.9,35.0,76.2,77.7,10.3,11.7,13.5,15.1,11,7,21.1,10.0,21.1,10.0,42.1,20.0
Inglaterra_3 League One,Leyton Orient,19,19,47.4,26.3,75.2,71.0,11.1,13.8,14.7,19.4,9,5,21.1,21.1,10.5,5.3,26.3,5.3
Inglaterra_3 League One,Lincoln City,20,19,65.0,42.1,75.0,80.0,9.1,12.9,12.2,16.1,13,8,30.0,10.5,25.0,15.8,40.0,26.3
Inglaterra_3 League One,Luton Town,20,19,35.0,42.1,73.4,80.4,7.6,8.1,10.4,10.1,7,8,15.0,5.3,15.0,21.1,10.0,21.1
Inglaterra_3 League One,Mansfield Town,20,17,55.0,35.3,74.6,81.8,12.4,4.1,16.7,5.0,11,6,30.0,0.0,5.0,11.8,30.0,23.5
Inglaterra_3 League One,Northampton Town,19,20,21.1,30.0,79.0,71.0,8.9,3.2,11.2,4.5,4,6,5.3,15.0,10.5,20.0,10.5,0.0
Inglaterra_3 League One,Peterborough United,18,20,55.6,45.0,76.1,73.6,10.2,12.2,13.4,16.6,10,9,22.2,30.0,27.8,5.0,38.9,15.0
Inglaterra_3 League One,Plymouth Argyle,20,19,40.0,52.6,73.1,73.2,9.3,7.7,12.7,10.5,8,10,20.0,21.1,20.0,26.3,10.0,15.8
Inglaterra_3 League One,Port Vale,19,17,21.1,11.8,84.8,75.5,12.4,14.8,14.7,19.7,4,2,0.0,5.9,10.5,0.0,21.1,11.8
Inglaterra_3 League One,Reading,19,20,68.4,45.0,77.2,77.6,8.4,9.5,10.9,12.2,13,9,15.8,15.0,31.6,5.0,26.3,35.0
Inglaterra_3 League One,Rotherham United,19,19,26.3,21.1,79.6,74.0,10.7,11.2,13.5,15.1,5,4,10.5,5.3,5.3,21.1,15.8,10.5
Inglaterra_3 League One,Stevenage,19,19,36.8,21.1,79.6,70.8,10.8,12.1,13.6,17.1,7,4,10.5,15.8,15.8,0.0,21.1,10.5
Inglaterra_3 League One,Stockport County,18,19,55.6,31.6,78.8,75.7,12.6,10.8,16.0,14.3,10,6,22.2,15.8,11.1,10.5,44.4,5.3
Inglaterra_3 League One,Wigan Athletic,19,19,31.6,31.6,73.5,73.3,8.8,10.5,11.9,14.3,6,6,10.5,15.8,15.8,5.3,5.3,26.3
Inglaterra_3 League One,Wycombe Wanderers,19,20,68.4,30.0,78.3,76.0,9.4,13.7,12.0,18.0,13,6,10.5,10.0,36.8,15.0,42.1,10.0
Italia_1 Serie A,AC Milan,15,15,40.0,46.7,74.8,78.1,14.7,12.5,19.6,16.0,6,7,20.0,20.0,6.7,6.7,20.0,40.0
Italia_1 Serie A,Atalanta,16,14,37.5,50.0,75.8,84.4,11.5,5.1,15.1,6.0,6,7,12.5,0.0,25.0,7.1,25.0,42.9
Italia_1 Serie A,Bologna,15,15,26.7,46.7,75.5,79.4,9.2,10.2,12.2,12.9,4,7,6.7,13.3,13.3,13.3,13.3,26.7
Italia_1 Serie A,Cagliari,15,15,46.7,46.7,78.0,72.3,9.6,8.7,12.3,12.0,7,7,6.7,20.0,20.0,20.0,26.7,13.3
Italia_1 Serie A,Como,16,14,50.0,42.9,75.6,67.8,9.6,5.2,12.7,7.7,8,6,18.8,28.6,37.5,35.7,18.8,21.4
Italia_1 Serie A,Cremonese,14,16,35.7,31.2,85.0,75.8,7.6,14.0,8.9,18.5,5,5,0.0,18.8,14.3,0.0,21.4,12.5
Italia_1 Serie A,Fiorentina,15,15,53.3,20.0,74.8,75.7,8.3,11.6,11.1,15.3,8,3,20.0,13.3,26.7,0.0,13.3,6.7
Italia_1 Serie A,Genoa,16,14,37.5,57.1,71.7,78.6,9.0,13.0,12.6,16.5,6,8,18.8,21.4,25.0,7.1,12.5,42.9
Italia_1 Serie A,Hellas Verona,14,16,28.6,12.5,67.8,83.0,3.8,14.1,5.6,17.0,4,2,14.3,0.0,14.3,6.2,0.0,6.2
Italia_1 Serie A,Inter Milan,15,15,73.3,53.3,73.0,79.4,7.4,12.8,10.2,16.2,11,8,26.7,20.0,46.7,13.3,46.7,40.0
Italia_1 Serie A,Juventus,15,15,60.0,53.3,75.9,70.6,10.5,7.4,13.9,10.5,9,8,26.7,33.3,20.0,20.0,46.7,20.0
Italia_1 Serie A,Lazio,15,15,46.7,33.3,84.9,75.2,15.9,7.8,18.7,10.4,7,5,13.3,6.7,0.0,20.0,46.7,13.3
Italia_1 Serie A,Lecce,15,15,20.0,20.0,85.3,80.7,11.7,16.0,13.7,19.9,3,3,0.0,6.7,6.7,6.7,13.3,13.3
Italia_1 Serie A,Napoli,14,16,64.3,25.0,76.2,85.2,9.3,12.8,12.2,15.0,9,4,21.4,6.2,21.4,0.0,28.6,18.8
Italia_1 Serie A,Parma,15,15,33.3,33.3,79.0,80.8,12.1,11.0,15.3,13.6,5,5,6.7,6.7,6.7,20.0,20.0,13.3
Italia_1 Serie A,Pisa,15,15,20.0,33.3,77.7,82.6,8.3,9.4,10.7,11.4,3,5,0.0,6.7,13.3,0.0,6.7,26.7
Italia_1 Serie A,Roma,15,15,53.3,33.3,70.0,70.6,7.2,4.0,10.3,5.7,8,5,26.7,13.3,33.3,26.7,13.3,0.0
Italia_1 Serie A,Sassuolo,15,15,40.0,46.7,73.7,69.9,12.3,8.0,16.7,11.5,6,7,26.7,26.7,0.0,20.0,13.3,6.7
Italia_1 Serie A,Torino,15,15,26.7,40.0,75.8,81.7,15.4,10.3,20.3,12.6,4,6,13.3,6.7,0.0,6.7,20.0,40.0
Italia_1 Serie A,Udinese,15,15,33.3,33.3,77.0,69.0,14.4,7.3,18.6,10.6,5,5,13.3,26.7,6.7,0.0,20.0,13.3
Italia_2 Serie B,Avellino,16,16,50.0,18.8,76.2,73.0,11.6,9.5,15.2,13.1,8,3,25.0,12.5,18.8,0.0,18.8,6.2
Italia_2 Serie B,Bari 1908,16,16,37.5,18.8,79.5,84.3,8.0,7.4,10.0,8.7,6,3,0.0,0.0,25.0,6.2,18.8,12.5
Italia_2 Serie B,Calcio Padova,16,16,56.2,25.0,81.3,73.5,9.7,7.0,12.0,9.5,9,4,6.2,12.5,18.8,6.2,31.2,18.8
Italia_2 Serie B,Carrarese,16,16,43.8,56.2,71.6,74.6,9.1,6.7,12.7,9.0,7,9,25.0,6.2,25.0,43.8,31.2,12.5
Italia_2 Serie B,Catanzaro,15,16,33.3,43.8,71.4,78.1,9.6,12.0,13.4,15.3,5,7,13.3,18.8,20.0,31.2,6.7,18.8
Italia_2 Serie B,Cesena,16,16,37.5,37.5,80.0,71.0,7.0,6.4,8.8,9.0,6,6,0.0,12.5,25.0,25.0,18.8,0.0
Italia_2 Serie B,Empoli,17,15,58.8,33.3,72.1,85.2,7.1,14.4,9.9,17.0,10,5,23.5,6.7,35.3,6.7,17.6,20.0
Italia_2 Serie B,Frosinone,15,17,40.0,47.1,73.5,78.1,9.5,12.5,12.9,15.9,6,8,20.0,17.6,20.0,5.9,26.7,29.4
Italia_2 Serie B,Juve Stabia,16,16,43.8,25.0,75.9,66.5,8.9,5.2,11.7,7.8,7,4,12.5,18.8,18.8,6.2,25.0,0.0
Italia_2 Serie B,Mantova,16,16,50.0,31.2,84.9,79.2,9.8,12.1,11.6,15.2,8,5,6.2,12.5,6.2,0.0,50.0,18.8
Italia_2 Serie B,Modena,17,14,47.1,35.7,76.6,79.2,12.7,10.0,16.6,12.6,8,5,23.5,7.1,5.9,14.3,29.4,21.4
Italia_2 Serie B,Monza,16,16,50.0,37.5,71.1,80.8,8.2,12.5,11.6,15.5,8,6,25.0,12.5,18.8,6.2,25.0,18.8
Italia_2 Serie B,Palermo,16,16,37.5,37.5,73.8,76.7,8.4,9.0,11.4,11.8,6,6,12.5,12.5,12.5,18.8,31.2,25.0
Italia_2 Serie B,Pescara,16,16,43.8,25.0,76.7,86.0,11.5,9.5,15.0,11.0,7,4,12.5,0.0,31.2,6.2,31.2,18.8
Italia_2 Serie B,Reggiana,15,17,26.7,17.6,70.8,71.0,7.3,15.6,10.3,22.0,4,3,13.3,11.8,13.3,0.0,6.7,5.9
Italia_2 Serie B,Sampdoria,16,16,50.0,43.8,78.0,83.7,11.3,8.8,14.5,10.5,8,7,25.0,6.2,12.5,6.2,31.2,31.2
Italia_2 Serie B,Spezia,16,16,25.0,31.2,85.8,78.6,11.3,13.1,13.2,16.7,4,5,6.2,12.5,0.0,6.2,18.8,37.5
Italia_2 Serie B,Südtirol,16,16,6.2,43.8,94.0,77.1,,9.2,,11.9,1,7,0.0,6.2,0.0,31.2,6.2,25.0
Italia_2 Serie B,Venezia,16,16,56.2,43.8,78.6,67.0,7.6,5.1,9.7,7.6,9,7,6.2,31.2,25.0,18.8,31.2,12.5
Italia_2 Serie B,Virtus Entella,16,16,56.2,25.0,82.4,78.2,9.4,8.5,11.4,10.9,9,4,12.5,0.0,0.0,18.8,50.0,6.2
Portugal_1 Primeira Liga,AVS,14,13,21.4,23.1,74.7,81.0,12.5,7.9,16.7,9.8,3,3,7.1,0.0,7.1,15.4,14.3,23.1
Portugal_1 Primeira Liga,Alverca,14,13,57.1,38.5,85.1,79.4,9.1,14.4,10.7,18.1,8,5,7.1,15.4,7.1,7.7,42.9,23.1
Portugal_1 Primeira Liga,Benfica,14,13,57.1,46.2,83.5,75.7,9.0,13.8,10.8,18.2,8,6,7.1,23.1,14.3,15.4,42.9,30.8
Portugal_1 Primeira Liga,CD Nacional,13,14,30.8,35.7,72.5,75.8,8.1,12.4,11.1,16.3,4,5,15.4,14.3,7.7,7.1,30.8,14.3
Portugal_1 Primeira Liga,CD Tondela,14,12,14.3,25.0,76.5,69.7,4.9,6.1,6.5,8.8,2,3,0.0,8.3,14.3,16.7,7.1,0.0
Portugal_1 Primeira Liga,Casa Pia,12,14,25.0,28.6,79.3,69.2,12.5,9.4,15.8,13.6,3,4,8.3,28.6,0.0,0.0,16.7,14.3
Portugal_1 Primeira Liga,Estrela Amadora,14,13,42.9,30.8,71.0,71.5,10.1,7.9,14.3,11.0,6,4,28.6,23.1,14.3,7.7,7.1,15.4
Portugal_1 Primeira Liga,FC Arouca,13,14,30.8,35.7,69.5,70.2,6.1,3.8,8.8,5.4,4,5,15.4,21.4,23.1,14.3,7.7,7.1
Portugal_1 Primeira Liga,Famalicão,14,13,50.0,30.8,76.3,75.0,12.5,7.8,16.4,10.4,7,4,28.6,15.4,7.1,7.7,28.6,7.7
Portugal_1 Primeira Liga,GD Estoril Praia,14,13,21.4,46.2,75.0,73.2,10.5,13.0,14.0,17.8,3,6,7.1,38.5,21.4,7.7,7.1,23.1
Portugal_1 Primeira Liga,Gil Vicente,13,14,53.8,21.4,82.9,75.7,12.0,10.7,14.5,14.1,7,3,7.7,14.3,23.1,0.0,46.2,7.1
Portugal_1 Primeira Liga,Moreirense FC,13,14,53.8,28.6,74.6,67.0,13.0,10.0,17.5,14.9,7,4,38.5,21.4,7.7,0.0,15.4,14.3
Portugal_1 Primeira Liga,Porto,13,14,69.2,42.9,75.0,76.2,9.0,11.2,12.1,14.7,9,6,23.1,28.6,38.5,7.1,30.8,21.4
Portugal_1 Primeira Liga,Rio Ave FC,13,14,15.4,57.1,67.5,76.6,7.8,11.2,11.5,14.7,2,8,7.7,21.4,7.7,21.4,7.7,21.4
Portugal_1 Primeira Liga,Santa Clara,14,13,35.7,38.5,81.0,83.8,14.3,11.4,17.6,13.6,5,5,7.1,7.7,21.4,7.7,14.3,23.1
Portugal_1 Primeira Liga,Sporting Braga,13,13,46.2,61.5,81.5,82.5,9.3,12.6,11.4,15.2,6,8,0.0,7.7,23.1,23.1,30.8,38.5
Portugal_1 Primeira Liga,Sporting CP,12,14,83.3,71.4,76.0,79.1,11.3,14.9,14.9,18.9,10,10,25.0,28.6,50.0,21.4,50.0,50.0
Portugal_1 Primeira Liga,Vitória Guimarães,14,13,42.9,15.4,69.5,91.0,4.1,1.4,5.9,1.6,6,2,35.7,0.0,21.4,0.0,7.1,15.4
Rep_Tcheca_1 Czech Liga,Baník Ostrava,12,14,16.7,21.4,74.5,87.7,4.9,8.5,6.6,9.7,2,3,0.0,0.0,16.7,7.1,0.0,14.3
Rep_Tcheca_1 Czech Liga,Bohemians 1905,13,13,23.1,46.2,77.0,75.8,13.1,7.5,17.0,9.9,3,6,7.7,15.4,7.7,15.4,7.7,15.4
Rep_Tcheca_1 Czech Liga,Dukla Praha,13,13,7.7,7.7,74.0,90.0,,,,,1,1,0.0,0.0,7.7,0.0,0.0,7.7
Rep_Tcheca_1 Czech Liga,Hradec Králové,13,13,30.8,46.2,70.2,81.5,10.3,14.3,14.6,17.6,4,6,15.4,15.4,15.4,0.0,15.4,30.8
Rep_Tcheca_1 Czech Liga,Jablonec,13,13,15.4,38.5,69.0,79.8,9.9,11.3,14.3,14.2,2,5,7.7,15.4,7.7,15.4,0.0,23.1
Rep_Tcheca_1 Czech Liga,Karviná,13,13,46.2,38.5,75.0,72.8,10.5,8.7,14.0,12.0,6,5,15.4,23.1,23.1,15.4,15.4,15.4
Rep_Tcheca_1 Czech Liga,Mladá Boleslav,14,12,57.1,25.0,71.0,72.0,9.3,13.0,13.1,18.1,8,3,28.6,16.7,28.6,0.0,14.3,8.3
Rep_Tcheca_1 Czech Liga,Pardubice,13,13,30.8,46.2,80.5,72.0,3.1,10.8,3.9,15.0,4,6,0.0,30.8,15.4,15.4,15.4,15.4
Rep_Tcheca_1 Czech Liga,Sigma Olomouc,13,13,30.8,30.8,75.8,74.2,7.6,11.1,10.1,14.9,4,4,7.7,7.7,15.4,15.4,23.1,15.4
Rep_Tcheca_1 Czech Liga,Slavia Praha,13,13,69.2,69.2,75.7,74.8,11.4,9.8,15.1,13.2,9,9,23.1,38.5,23.1,23.1,38.5,30.8
Rep_Tcheca_1 Czech Liga,Slovan Liberec,13,13,38.5,61.5,79.6,75.1,9.0,9.9,11.4,13.2,5,8,7.7,30.8,7.7,30.8,30.8,30.8
Rep_Tcheca_1 Czech Liga,Slovácko,13,13,46.2,23.1,78.2,91.7,7.9,6.1,10.2,6.7,6,3,7.7,0.0,30.8,0.0,23.1,23.1
Rep_Tcheca_1 Czech Liga,Sparta Praha,13,13,76.9,38.5,77.5,73.8,9.0,8.5,11.6,11.6,10,5,15.4,7.7,46.2,30.8,53.8,23.1
Rep_Tcheca_1 Czech Liga,Teplice,13,13,30.8,46.2,78.0,76.2,8.8,8.5,11.2,11.1,4,6,7.7,7.7,15.4,23.1,15.4,23.1
Rep_Tcheca_1 Czech Liga,Viktoria Plzeň,13,13,61.5,30.8,81.1,64.2,10.1,2.8,12.5,4.3,8,4,7.7,30.8,15.4,0.0,46.2,7.7
Rep_Tcheca_1 Czech Liga,Zlín,13,13,46.2,23.1,73.2,81.0,10.2,14.0,14.0,17.3,6,3,15.4,7.7,38.5,7.7,7.7,15.4
Turquia_1 Super Lig,Alanyaspor,14,13,35.7,61.5,73.8,82.5,8.5,12.1,11.6,14.6,5,8,14.3,15.4,14.3,15.4,21.4,30.8
Turquia_1 Super Lig,Antalyaspor,13,14,38.5,21.4,77.2,80.0,13.1,4.6,16.9,5.7,5,3,15.4,0.0,7.7,7.1,15.4,21.4
Turquia_1 Super Lig,Beşiktaş,14,13,57.1,46.2,80.4,77.2,12.5,10.4,15.5,13.5,8,6,14.3,7.7,21.4,23.1,28.6,15.4
Turquia_1 Super Lig,Eyüpspor,14,13,42.9,23.1,79.5,81.7,14.5,9.3,18.2,11.4,6,3,21.4,0.0,0.0,7.7,21.4,23.1
Turquia_1 Super Lig,Fatih Karagümrük,13,14,23.1,42.9,78.3,80.3,13.0,10.8,16.6,13.4,3,6,7.7,7.1,7.7,14.3,15.4,28.6
Turquia_1 Super Lig,Fenerbahçe,13,14,69.2,57.1,77.8,73.0,13.5,7.9,17.3,10.9,9,8,30.8,28.6,23.1,28.6,46.2,28.6
Turquia_1 Super Lig,Galatasaray,14,12,85.7,41.7,75.2,75.0,11.3,14.3,15.0,19.0,12,5,50.0,16.7,7.1,16.7,71.4,33.3
Turquia_1 Super Lig,Gaziantep FK,13,14,38.5,50.0,83.0,67.7,11.4,4.4,13.8,6.5,5,7,0.0,35.7,30.8,21.4,15.4,7.1
Turquia_1 Super Lig,Gençlerbirliği,13,14,30.8,21.4,68.0,81.3,6.1,5.9,8.9,7.2,4,3,23.1,0.0,23.1,14.3,0.0,14.3
Turquia_1 Super Lig,Göztepe,13,13,30.8,30.8,75.0,78.0,11.2,13.2,14.9,16.9,4,4,15.4,15.4,0.0,0.0,23.1,23.1
Turquia_1 Super Lig,Kasımpaşa,13,14,38.5,28.6,69.4,80.5,6.8,19.5,9.8,24.2,5,4,23.1,14.3,23.1,0.0,7.7,14.3
Turquia_1 Super Lig,Kayserispor,13,14,53.8,50.0,82.0,79.3,8.1,11.8,9.8,14.9,7,7,7.7,21.4,0.0,14.3,46.2,21.4
Turquia_1 Super Lig,Kocaelispor,14,13,28.6,23.1,79.5,73.7,14.0,16.8,17.6,22.8,4,3,7.1,15.4,7.1,15.4,28.6,7.7
Turquia_1 Super Lig,Konyaspor,14,13,50.0,46.2,77.7,83.3,11.1,3.7,14.3,4.5,7,6,14.3,0.0,14.3,15.4,28.6,38.5
Turquia_1 Super Lig,Rizespor,13,13,30.8,38.5,84.2,76.8,6.0,6.8,7.1,8.9,4,5,0.0,7.7,7.7,23.1,23.1,23.1
Turquia_1 Super Lig,Samsunspor,13,13,30.8,53.8,84.2,82.3,12.0,12.6,14.3,15.3,4,7,7.7,15.4,0.0,7.7,23.1,38.5
Turquia_1 Super Lig,Trabzonspor,13,14,30.8,57.1,78.0,77.5,14.3,8.9,18.3,11.5,4,8,15.4,14.3,0.0,28.6,23.1,35.7
Turquia_1 Super Lig,İstanbul Başakşehir,14,13,64.3,46.2,78.9,75.7,11.2,13.5,14.2,17.8,9,6,21.4,30.8,7.1,7.7,42.9,30.8
