Liga,time,pct_marcou_1gol_casa,pct_marcou_1gol_fora,pct_marcou_1gol_geral,avg_min_marcou_1gol_casa,avg_min_marcou_1gol_fora,avg_min_sofreu_1gol_casa,avg_min_sofreu_1gol_fora,dp_min_marcou_1gol_casa,dp_min_marcou_1gol_fora,dp_min_sofreu_1gol_casa,dp_min_sofreu_1gol_fora,cv_min_marcou_1gol_casa,cv_min_marcou_1gol_fora,cv_min_sofreu_1gol_casa,cv_min_sofreu_1gol_fora,n_marcou_1gol_casa,n_sofreu_1gol_casa,n_marcou_1gol_fora,n_sofreu_1gol_fora,%Gl_Ca_0_10M,%Gl_Fo_0_10M,%Gl_Ca_11_20M,%Gl_Fo_11_20M,%Gl_Ca_21_30M,%Gl_Fo_21_30M,%Gl_Ca_31_40M,%Gl_Fo_31_40M,%Gl_Ca_41_50M,%Gl_Fo_41_50M,%Gl_Ca_51_60M,%Gl_Fo_51_60M,%Gl_Ca_61_70M,%Gl_Fo_61_70M,%Gl_Ca_71_80M,%Gl_Fo_71_80M,%Gl_Ca_81_90M,%Gl_Fo_81_90M
Alemanha_1 Bundesliga,Augsburg,54,38,46,45.4,29.8,24.2,28.0,30.6,18.3,11.7,21.8,67.3,61.4,48.2,77.8,7,5,5,8,16.7,7.7,0.0,7.7,0.0,0.0,0.0,15.4,8.3,0.0,16.7,7.7,0.0,0.0,16.7,0.0,0.0,0.0
Alemanha_1 Bundesliga,Bayer Leverkusen,77,54,65,26.5,24.8,38.3,21.0,24.8,25.1,30.1,12.4,93.5,101.2,78.5,59.0,10,3,6,7,30.8,15.4,7.7,7.7,7.7,15.4,15.4,0.0,0.0,0.0,0.0,0.0,15.4,0.0,0.0,7.7,0.0,0.0
Alemanha_1 Bundesliga,Bayern München,85,54,69,20.5,26.4,9.0,25.7,9.3,21.4,4.2,12.0,45.6,81.1,47.1,46.9,11,2,7,6,15.4,7.7,15.4,15.4,46.2,15.4,7.7,0.0,0.0,7.7,0.0,0.0,0.0,7.7,0.0,0.0,0.0,0.0
Alemanha_1 Bundesliga,Borussia Dortmund,92,85,88,33.1,31.0,7.0,21.0,24.6,15.5,,1.4,74.3,50.1,,6.7,12,1,11,2,15.4,15.4,23.1,7.7,7.7,7.7,7.7,38.5,30.8,7.7,0.0,0.0,0.0,7.7,0.0,0.0,7.7,0.0
Alemanha_1 Bundesliga,Borussia M'gladbach,38,31,35,39.2,45.0,24.8,34.9,35.0,21.0,23.9,27.0,89.2,46.7,96.3,77.5,5,5,4,8,20.0,0.0,0.0,8.3,0.0,0.0,10.0,0.0,10.0,8.3,0.0,8.3,0.0,8.3,0.0,0.0,10.0,0.0
Alemanha_1 Bundesliga,Eintracht Frankfurt,62,38,50,45.5,23.4,22.6,12.6,23.8,33.9,26.4,10.6,52.4,144.7,116.9,84.7,8,5,5,7,0.0,16.7,7.7,16.7,15.4,0.0,7.7,0.0,0.0,0.0,7.7,0.0,15.4,0.0,7.7,0.0,0.0,8.3
Alemanha_1 Bundesliga,Freiburg,54,31,42,20.3,22.5,38.8,50.9,16.6,16.7,29.0,21.4,81.6,74.1,74.7,42.1,7,6,4,7,15.4,9.1,15.4,9.1,0.0,0.0,23.1,18.2,0.0,0.0,0.0,0.0,0.0,0.0,0.0,0.0,0.0,0.0
Alemanha_1 Bundesliga,Hamburger SV,50,17,35,25.6,48.0,40.7,31.6,13.1,0.0,24.1,25.1,51.3,0.0,59.2,79.4,7,6,2,7,7.7,0.0,15.4,0.0,7.7,0.0,15.4,0.0,7.7,22.2,0.0,0.0,0.0,0.0,0.0,0.0,0.0,0.0
Alemanha_1 Bundesliga,Heidenheim,23,8,15,31.3,46.0,34.5,43.1,16.0,,17.9,20.7,51.1,,51.8,48.1,3,10,1,12,0.0,0.0,7.7,0.0,0.0,0.0,7.7,0.0,7.7,7.7,0.0,0.0,0.0,0.0,0.0,0.0,0.0,0.0
Alemanha_1 Bundesliga,Hoffenheim,54,36,44,23.0,35.6,33.2,17.0,15.2,18.5,22.2,12.0,66.1,52.0,66.9,70.9,7,6,5,8,15.4,7.7,15.4,0.0,7.7,7.7,0.0,0.0,15.4,15.4,0.0,7.7,0.0,0.0,0.0,0.0,0.0,0.0
Alemanha_1 Bundesliga,Köln,62,38,50,25.5,30.2,43.8,40.9,17.0,40.1,29.8,28.2,66.7,132.5,67.9,69.1,8,5,4,9,15.4,15.4,7.7,7.7,15.4,0.0,7.7,0.0,7.7,0.0,7.7,0.0,0.0,0.0,0.0,0.0,0.0,7.7
Alemanha_1 Bundesliga,Mainz 05,38,46,42,31.0,31.0,33.9,26.6,13.6,21.8,31.5,26.6,43.9,70.2,93.1,100.3,5,7,6,7,8.3,7.7,0.0,7.7,8.3,15.4,16.7,0.0,8.3,7.7,0.0,0.0,0.0,7.7,0.0,0.0,0.0,0.0
Alemanha_1 Bundesliga,RB Leipzig,86,62,74,33.7,28.9,45.5,40.5,18.2,24.7,9.2,18.6,54.0,85.5,20.2,45.9,12,2,8,4,7.1,33.3,28.6,0.0,0.0,8.3,14.3,8.3,21.4,0.0,7.1,0.0,7.1,16.7,0.0,0.0,0.0,0.0
Alemanha_1 Bundesliga,St. Pauli,25,29,27,41.7,26.5,36.3,32.4,11.5,18.4,19.4,16.1,27.7,69.3,53.4,49.7,3,7,4,9,0.0,7.7,0.0,7.7,0.0,0.0,20.0,7.7,0.0,7.7,10.0,0.0,0.0,0.0,0.0,0.0,0.0,0.0
Alemanha_1 Bundesliga,Stuttgart,62,46,54,53.4,22.8,16.2,27.4,26.0,14.6,16.7,14.7,48.7,64.1,102.7,53.5,8,4,6,7,0.0,15.4,8.3,7.7,8.3,7.7,0.0,15.4,8.3,0.0,16.7,0.0,8.3,0.0,8.3,0.0,8.3,0.0
Alemanha_1 Bundesliga,Union Berlin,54,38,46,27.7,52.8,42.2,50.6,17.8,37.4,30.9,25.3,64.1,70.9,73.1,50.0,7,4,5,8,9.1,7.7,18.2,0.0,18.2,7.7,0.0,0.0,9.1,7.7,9.1,0.0,0.0,0.0,0.0,0.0,0.0,15.4
Alemanha_1 Bundesliga,Werder Bremen,31,23,27,38.2,36.7,26.6,30.8,32.0,18.9,20.4,18.4,83.6,51.6,76.7,59.9,4,9,3,9,7.7,0.0,0.0,8.3,7.7,0.0,0.0,0.0,0.0,16.7,7.7,0.0,0.0,0.0,7.7,0.0,0.0,0.0
Alemanha_1 Bundesliga,Wolfsburg,46,62,54,20.2,31.6,20.9,15.6,12.1,26.0,18.0,11.2,59.8,82.1,86.1,71.6,6,7,8,5,15.4,15.4,7.7,15.4,15.4,7.7,0.0,0.0,7.7,0.0,0.0,7.7,0.0,15.4,0.0,0.0,0.0,0.0
Alemanha_2 2. Bundesliga,Arminia Bielefeld,46,31,38,24.7,26.2,31.3,44.7,20.5,8.8,17.8,30.5,83.1,33.6,56.7,68.2,6,6,4,9,16.7,0.0,8.3,7.7,8.3,7.7,0.0,15.4,8.3,0.0,8.3,0.0,0.0,0.0,0.0,0.0,0.0,0.0
Alemanha_2 2. Bundesliga,Bochum,54,38,46,33.6,31.8,20.2,42.1,27.5,26.8,14.3,30.7,81.8,84.4,71.0,72.8,7,5,5,7,16.7,16.7,8.3,0.0,0.0,8.3,8.3,0.0,8.3,0.0,0.0,8.3,16.7,8.3,0.0,0.0,0.0,0.0
Alemanha_2 2. Bundesliga,Darmstadt 98,69,54,62,25.8,41.6,29.5,31.8,24.1,36.1,12.0,25.4,93.5,86.8,40.7,79.8,9,2,7,5,36.4,25.0,9.1,0.0,0.0,0.0,9.1,0.0,9.1,0.0,18.2,8.3,0.0,16.7,0.0,0.0,0.0,8.3
Alemanha_2 2. Bundesliga,Dynamo Dresden,69,46,58,28.5,14.5,26.2,24.8,15.6,10.0,33.8,18.3,54.8,68.7,129.1,73.7,8,5,6,6,7.7,16.7,15.4,8.3,7.7,25.0,7.7,0.0,23.1,0.0,0.0,0.0,0.0,0.0,0.0,0.0,0.0,0.0
Alemanha_2 2. Bundesliga,Eintracht Braunschweig,57,38,48,45.1,37.4,18.0,21.3,17.8,29.8,15.4,18.2,39.4,79.6,85.3,85.6,8,6,5,7,0.0,8.3,7.1,0.0,7.1,16.7,7.1,0.0,7.1,0.0,14.3,8.3,14.3,0.0,0.0,0.0,0.0,8.3
Alemanha_2 2. Bundesliga,Elversberg,67,57,62,55.8,31.3,23.0,28.2,35.5,17.7,19.5,25.5,63.6,56.4,84.9,90.3,8,3,9,5,9.1,7.1,0.0,7.1,18.2,14.3,0.0,21.4,9.1,0.0,0.0,7.1,0.0,7.1,9.1,0.0,27.3,0.0
Alemanha_2 2. Bundesliga,Fortuna Düsseldorf,31,38,35,48.0,33.6,40.6,46.0,26.8,18.1,23.9,33.9,55.8,53.9,58.8,73.8,4,7,5,8,0.0,7.7,0.0,0.0,9.1,0.0,9.1,15.4,9.1,7.7,0.0,7.7,0.0,0.0,0.0,0.0,9.1,0.0
Alemanha_2 2. Bundesliga,Greuther Fürth,46,43,44,27.0,25.2,19.0,33.6,36.4,15.3,14.7,21.7,135.0,60.9,77.4,64.6,6,6,6,8,25.0,7.1,8.3,7.1,0.0,14.3,0.0,7.1,8.3,7.1,0.0,0.0,0.0,0.0,0.0,0.0,8.3,0.0
Alemanha_2 2. Bundesliga,Hannover 96,46,79,63,32.8,33.6,25.2,24.0,30.7,23.2,20.7,4.4,93.6,68.9,82.0,18.2,6,5,11,3,18.2,14.3,9.1,21.4,9.1,0.0,0.0,14.3,0.0,7.1,0.0,0.0,9.1,21.4,9.1,0.0,0.0,0.0
Alemanha_2 2. Bundesliga,Hertha BSC,57,67,62,41.6,37.2,31.2,17.8,31.0,25.3,32.2,16.2,74.5,68.0,102.9,91.2,8,4,6,5,8.3,9.1,16.7,9.1,0.0,0.0,8.3,9.1,8.3,9.1,8.3,9.1,8.3,0.0,0.0,9.1,8.3,0.0
Alemanha_2 2. Bundesliga,Holstein Kiel,31,38,35,30.2,26.2,39.9,30.6,18.1,14.4,23.8,29.8,59.7,54.9,59.8,97.3,4,9,5,8,0.0,7.7,7.7,7.7,15.4,0.0,0.0,15.4,0.0,7.7,7.7,0.0,0.0,0.0,0.0,0.0,0.0,0.0
Alemanha_2 2. Bundesliga,Kaiserslautern,64,42,54,18.9,33.8,45.7,35.8,19.8,24.1,20.0,26.0,104.9,71.3,43.9,72.6,8,6,5,6,35.7,9.1,7.1,9.1,0.0,0.0,0.0,9.1,7.1,0.0,7.1,9.1,0.0,9.1,0.0,0.0,0.0,0.0
Alemanha_2 2. Bundesliga,Karlsruher SC,46,29,37,27.7,35.0,31.0,28.5,31.0,32.6,27.0,20.8,112.2,93.2,87.0,72.8,6,7,4,8,23.1,8.3,7.7,8.3,0.0,0.0,0.0,8.3,7.7,0.0,0.0,0.0,0.0,0.0,0.0,8.3,7.7,0.0
Alemanha_2 2. Bundesliga,Magdeburg,31,31,31,59.8,41.2,31.2,42.4,21.3,23.2,22.2,29.9,35.6,56.3,71.2,70.5,4,9,4,8,0.0,0.0,0.0,0.0,7.7,16.7,0.0,0.0,0.0,8.3,0.0,0.0,7.7,0.0,15.4,8.3,0.0,0.0
Alemanha_2 2. Bundesliga,Nürnberg,54,31,42,41.9,19.5,41.4,49.1,18.1,15.8,35.2,22.6,43.3,80.8,85.1,46.0,7,5,4,9,0.0,7.7,8.3,7.7,16.7,7.7,0.0,7.7,16.7,0.0,8.3,0.0,8.3,0.0,0.0,0.0,0.0,0.0
Alemanha_2 2. Bundesliga,Paderborn,46,62,54,39.8,28.4,23.0,22.7,28.3,23.7,17.9,4.2,71.1,83.7,77.9,18.4,6,7,8,3,7.7,27.3,0.0,0.0,15.4,9.1,7.7,18.2,7.7,0.0,0.0,9.1,0.0,9.1,0.0,0.0,7.7,0.0
Alemanha_2 2. Bundesliga,Preußen Münster,31,15,23,30.8,14.5,32.1,40.8,10.8,17.7,23.1,31.5,35.1,121.9,71.8,77.2,5,7,2,10,0.0,8.3,8.3,0.0,8.3,8.3,16.7,0.0,8.3,0.0,0.0,0.0,0.0,0.0,0.0,0.0,0.0,0.0
Alemanha_2 2. Bundesliga,Schalke 04,69,54,62,29.9,33.9,42.5,32.0,24.9,31.8,27.1,29.9,83.1,94.0,63.7,93.3,9,4,7,4,15.4,18.2,23.1,18.2,7.7,0.0,0.0,0.0,0.0,9.1,15.4,0.0,0.0,9.1,7.7,0.0,0.0,9.1
Alemanha_3 3. Liga,1860 München,53,43,48,28.8,28.2,30.0,29.1,16.1,33.3,28.1,24.8,56.1,118.3,93.7,85.0,8,6,6,8,14.3,21.4,7.1,0.0,0.0,7.1,21.4,7.1,14.3,0.0,0.0,0.0,0.0,0.0,0.0,0.0,0.0,7.1
Alemanha_3 3. Liga,Alemannia Aachen,43,67,55,20.8,21.9,37.8,43.5,20.6,8.3,34.7,36.1,98.9,38.0,91.9,83.1,6,8,10,4,14.3,7.1,14.3,21.4,0.0,28.6,7.1,14.3,0.0,0.0,7.1,0.0,0.0,0.0,0.0,0.0,0.0,0.0
Alemanha_3 3. Liga,Energie Cottbus,53,50,52,15.5,45.6,26.8,29.8,11.0,30.8,26.9,21.3,71.3,67.7,100.2,71.4,8,5,7,6,23.1,7.7,15.4,7.7,15.4,0.0,7.7,7.7,0.0,7.7,0.0,7.7,0.0,7.7,0.0,0.0,0.0,7.7
Alemanha_3 3. Liga,Erzgebirge Aue,40,29,34,21.4,32.3,23.6,25.7,15.1,14.6,13.2,17.5,70.4,45.1,55.8,68.2,5,7,3,10,8.3,0.0,25.0,7.7,0.0,0.0,0.0,7.7,8.3,7.7,0.0,0.0,0.0,0.0,0.0,0.0,0.0,0.0
Alemanha_3 3. Liga,Hansa Rostock,67,53,60,31.4,22.8,21.8,35.5,28.7,15.5,13.3,22.8,91.4,68.0,61.1,64.3,10,5,8,4,20.0,8.3,13.3,33.3,0.0,8.3,6.7,8.3,13.3,0.0,0.0,8.3,0.0,0.0,13.3,0.0,0.0,0.0
Alemanha_3 3. Liga,Havelse,40,36,38,29.0,18.2,40.4,28.5,32.5,18.2,28.6,17.2,112.1,100.1,70.9,60.5,5,10,5,8,6.7,15.4,13.3,15.4,6.7,0.0,0.0,0.0,0.0,7.7,0.0,0.0,0.0,0.0,0.0,0.0,6.7,0.0
Alemanha_3 3. Liga,Hoffenheim II,60,50,55,30.4,11.2,21.6,24.5,30.4,14.2,13.2,26.8,99.9,127.2,61.3,109.3,9,5,6,8,21.4,28.6,14.3,7.1,7.1,0.0,0.0,7.1,7.1,0.0,0.0,0.0,0.0,0.0,7.1,0.0,7.1,0.0
Alemanha_3 3. Liga,Ingolstadt,43,53,48,31.5,38.9,14.6,33.3,13.7,27.4,20.7,26.0,43.6,70.5,141.8,78.1,6,5,8,7,0.0,0.0,9.1,13.3,18.2,13.3,18.2,13.3,0.0,0.0,9.1,0.0,0.0,0.0,0.0,6.7,0.0,6.7
Alemanha_3 3. Liga,Jahn Regensburg,43,40,41,39.7,12.3,26.4,39.7,24.9,8.6,11.4,20.2,62.9,70.1,43.0,50.8,6,7,6,9,7.7,20.0,0.0,13.3,7.7,6.7,7.7,0.0,15.4,0.0,0.0,0.0,0.0,0.0,0.0,0.0,7.7,0.0
Alemanha_3 3. Liga,MSV Duisburg,79,27,52,21.8,41.2,46.0,15.7,14.0,37.8,36.8,14.4,64.1,91.6,79.9,91.9,11,2,4,7,23.1,9.1,7.7,9.1,38.5,0.0,7.7,0.0,0.0,0.0,7.7,9.1,0.0,0.0,0.0,0.0,0.0,9.1
Alemanha_3 3. Liga,Osnabrück,67,71,69,41.5,32.0,19.0,14.2,27.9,25.4,19.8,3.3,67.3,79.3,104.2,23.2,10,2,9,4,8.3,15.4,16.7,15.4,8.3,0.0,8.3,23.1,16.7,0.0,8.3,0.0,0.0,7.7,8.3,7.7,8.3,0.0
Alemanha_3 3. Liga,Rot-Weiss Essen,67,29,48,24.5,64.5,35.6,25.8,13.1,25.9,35.5,15.0,53.5,40.1,99.7,58.1,10,5,4,9,13.3,0.0,13.3,0.0,6.7,0.0,33.3,7.7,0.0,0.0,0.0,7.7,0.0,0.0,0.0,0.0,0.0,15.4
Alemanha_3 3. Liga,Saarbrucken,64,20,41,23.1,26.3,19.8,21.2,16.8,27.5,16.2,21.1,72.7,104.3,81.8,99.5,9,4,3,11,23.1,7.1,7.7,7.1,15.4,0.0,7.7,0.0,15.4,0.0,0.0,7.1,0.0,0.0,0.0,0.0,0.0,0.0
Alemanha_3 3. Liga,Schweinfurt,50,20,34,25.9,11.0,43.7,32.8,7.1,11.3,38.1,28.1,27.3,102.9,87.3,85.4,7,7,2,13,0.0,6.7,7.1,6.7,35.7,0.0,7.1,0.0,0.0,0.0,0.0,0.0,0.0,0.0,0.0,0.0,0.0,0.0
Alemanha_3 3. Liga,Stuttgart II,57,33,45,33.6,50.0,26.4,34.4,25.2,34.8,24.9,21.3,74.9,69.6,94.5,61.7,8,5,5,9,7.7,0.0,15.4,7.1,15.4,7.1,7.7,7.1,0.0,0.0,7.7,0.0,0.0,0.0,0.0,0.0,7.7,14.3
Alemanha_3 3. Liga,Ulm,33,29,31,23.2,48.2,27.5,18.7,13.0,5.3,29.8,9.7,56.0,11.0,108.3,51.9,5,10,4,10,0.0,0.0,20.0,0.0,6.7,0.0,0.0,0.0,6.7,21.4,0.0,7.1,0.0,0.0,0.0,0.0,0.0,0.0
Alemanha_3 3. Liga,Verl,71,47,59,22.4,9.4,26.0,26.9,19.9,5.3,29.1,27.5,89.0,55.7,112.1,102.4,10,3,7,7,15.4,28.6,38.5,21.4,7.7,0.0,0.0,0.0,0.0,0.0,15.4,0.0,0.0,0.0,0.0,0.0,0.0,0.0
Alemanha_3 3. Liga,Viktoria Köln,47,50,48,33.0,26.7,23.0,21.0,22.3,25.8,20.0,13.3,67.6,96.7,87.0,63.2,7,6,7,6,7.7,7.7,7.7,23.1,15.4,15.4,7.7,0.0,0.0,0.0,0.0,0.0,15.4,0.0,0.0,0.0,0.0,7.7
Alemanha_3 3. Liga,Waldhof Mannheim,43,33,38,28.3,7.6,28.5,34.8,22.9,7.4,30.2,26.9,80.7,97.0,106.0,77.3,6,8,5,10,0.0,20.0,21.4,13.3,7.1,0.0,7.1,0.0,0.0,0.0,0.0,0.0,0.0,0.0,7.1,0.0,0.0,0.0
Alemanha_3 3. Liga,Wehen Wiesbaden,73,33,53,38.5,51.0,31.5,35.9,29.9,37.2,35.2,18.8,77.6,72.9,111.6,52.3,11,4,5,7,13.3,8.3,0.0,0.0,20.0,0.0,20.0,8.3,0.0,8.3,0.0,0.0,6.7,0.0,0.0,8.3,13.3,8.3
Argentina_1 Liga Profesional,Aldosivi,0,20,11,,21.0,4.0,32.2,,,,25.6,,,,79.4,0,1,1,4,0.0,0.0,0.0,0.0,0.0,20.0,0.0,0.0,0.0,0.0,0.0,0.0,0.0,0.0,0.0,0.0,0.0,0.0
Argentina_1 Liga Profesional,Argentinos Juniors,40,33,38,66.0,47.0,10.0,20.0,43.8,,,,66.4,,,,2,1,1,1,0.0,0.0,0.0,0.0,0.0,0.0,33.3,0.0,0.0,50.0,0.0,0.0,0.0,0.0,0.0,0.0,33.3,0.0
Argentina_1 Liga Profesional,Atlético Tucumán,40,0,20,40.5,,28.0,22.8,14.8,,9.9,13.0,36.7,,35.4,57.2,2,2,0,5,0.0,0.0,0.0,0.0,25.0,0.0,0.0,0.0,0.0,0.0,25.0,0.0,0.0,0.0,0.0,0.0,0.0,0.0
Argentina_1 Liga Profesional,Banfield,50,25,40,45.3,35.0,20.0,39.3,8.3,,6.6,22.9,18.4,,32.8,58.1,3,3,1,3,0.0,0.0,0.0,0.0,0.0,0.0,16.7,25.0,16.7,0.0,16.7,0.0,0.0,0.0,0.0,0.0,0.0,0.0
Argentina_1 Liga Profesional,Barracas Central,40,40,40,24.0,22.0,35.0,72.0,15.6,17.0,20.8,19.8,64.8,77.1,59.5,27.5,2,3,2,2,0.0,25.0,20.0,0.0,0.0,0.0,20.0,25.0,0.0,0.0,0.0,0.0,0.0,0.0,0.0,0.0,0.0,0.0
Argentina_1 Liga Profesional,Belgrano,50,50,50,46.0,50.0,62.0,31.0,11.3,11.5,,24.0,24.6,23.1,,77.6,2,1,3,2,0.0,0.0,0.0,0.0,0.0,0.0,33.3,20.0,0.0,0.0,33.3,40.0,0.0,0.0,0.0,0.0,0.0,0.0
Argentina_1 Liga Profesional,Boca Juniors,50,25,40,57.3,15.0,15.0,44.0,18.6,,,17.7,32.5,,,40.2,3,1,1,3,0.0,0.0,0.0,25.0,0.0,0.0,25.0,0.0,0.0,0.0,25.0,0.0,0.0,0.0,25.0,0.0,0.0,0.0
Argentina_1 Liga Profesional,Central Córdoba SdE,60,0,30,62.0,,5.0,51.5,14.0,,,35.2,22.6,,,68.3,3,1,0,4,0.0,0.0,0.0,0.0,0.0,0.0,0.0,0.0,25.0,0.0,0.0,0.0,25.0,0.0,25.0,0.0,0.0,0.0
Argentina_1 Liga Profesional,Defensa y Justicia,60,60,60,34.7,20.7,54.0,,22.1,16.2,,,63.8,78.4,,,3,1,3,0,0.0,33.3,25.0,0.0,0.0,33.3,25.0,33.3,0.0,0.0,25.0,0.0,0.0,0.0,0.0,0.0,0.0,0.0
Argentina_1 Liga Profesional,Deportivo Riestra,20,20,20,35.0,24.0,29.0,66.7,,,,16.2,,,,24.3,1,1,1,3,0.0,0.0,0.0,0.0,0.0,25.0,50.0,0.0,0.0,0.0,0.0,0.0,0.0,0.0,0.0,0.0,0.0,0.0
Argentina_1 Liga Profesional,Estudiantes,60,20,40,51.0,52.0,66.5,46.0,23.5,,12.0,1.4,46.1,,18.1,3.1,3,2,1,2,0.0,0.0,0.0,0.0,20.0,0.0,0.0,0.0,20.0,0.0,0.0,33.3,0.0,0.0,20.0,0.0,0.0,0.0
Argentina_1 Liga Profesional,Estudiantes Río Cuarto,25,17,20,32.0,14.0,64.0,30.0,,,7.1,24.3,,,11.0,80.9,1,2,1,5,0.0,0.0,0.0,16.7,0.0,0.0,33.3,0.0,0.0,0.0,0.0,0.0,0.0,0.0,0.0,0.0,0.0,0.0
Argentina_1 Liga Profesional,Gimnasia La Plata,80,60,70,7.5,24.7,,38.0,5.5,4.9,,4.2,73.4,20.0,,11.2,4,0,3,2,75.0,0.0,25.0,20.0,0.0,40.0,0.0,0.0,0.0,0.0,0.0,0.0,0.0,0.0,0.0,0.0,0.0,0.0
Argentina_1 Liga Profesional,Gimnasia Mendoza,60,40,50,42.0,10.0,49.0,20.0,33.8,7.1,29.7,22.6,80.4,70.7,60.6,113.1,3,2,2,2,20.0,25.0,0.0,25.0,0.0,0.0,0.0,0.0,20.0,0.0,0.0,0.0,0.0,0.0,20.0,0.0,0.0,0.0
Argentina_1 Liga Profesional,Huracán,80,0,40,42.5,,27.0,43.7,22.2,,,10.2,52.3,,,23.4,4,1,0,3,0.0,0.0,20.0,0.0,0.0,0.0,20.0,0.0,20.0,0.0,0.0,0.0,20.0,0.0,0.0,0.0,0.0,0.0
Argentina_1 Liga Profesional,Independiente,60,60,60,63.7,37.0,22.5,11.5,22.7,25.6,12.0,7.8,35.7,69.3,53.4,67.6,3,2,3,2,0.0,0.0,0.0,20.0,0.0,0.0,0.0,20.0,20.0,0.0,20.0,0.0,0.0,20.0,0.0,0.0,20.0,0.0
Argentina_1 Liga Profesional,Independiente Rivadavia,67,50,60,16.0,61.0,35.5,20.5,5.0,11.3,2.1,26.2,31.5,18.5,6.0,127.6,4,2,2,2,16.7,0.0,33.3,0.0,16.7,0.0,0.0,0.0,0.0,0.0,0.0,25.0,0.0,25.0,0.0,0.0,0.0,0.0
Argentina_1 Liga Profesional,Instituto,50,25,40,21.3,38.0,49.0,44.3,15.8,,39.3,24.8,74.2,,80.3,56.0,3,3,1,3,16.7,0.0,0.0,0.0,16.7,0.0,16.7,25.0,0.0,0.0,0.0,0.0,0.0,0.0,0.0,0.0,0.0,0.0
Argentina_1 Liga Profesional,Lanús,50,40,44,32.0,49.5,53.0,38.0,22.6,36.1,53.7,16.8,70.7,72.9,101.4,44.3,2,2,2,3,0.0,0.0,25.0,0.0,0.0,20.0,0.0,0.0,25.0,0.0,0.0,0.0,0.0,0.0,0.0,20.0,0.0,0.0
Argentina_1 Liga Profesional,Newell's Old Boys,20,0,10,23.0,,42.0,40.2,,,11.0,16.3,,,26.3,40.7,1,4,0,5,0.0,0.0,0.0,0.0,20.0,0.0,0.0,0.0,0.0,0.0,0.0,0.0,0.0,0.0,0.0,0.0,0.0,0.0
Argentina_1 Liga Profesional,Platense,40,20,30,57.5,21.0,36.0,23.0,40.3,,39.6,,70.1,,110.0,,2,2,1,1,0.0,0.0,0.0,0.0,25.0,50.0,0.0,0.0,0.0,0.0,0.0,0.0,0.0,0.0,0.0,0.0,25.0,0.0
Argentina_1 Liga Profesional,Racing Club,50,33,40,37.5,31.0,38.5,29.5,24.7,5.7,20.5,27.6,66.0,18.2,53.3,93.5,2,2,2,2,0.0,0.0,25.0,0.0,0.0,25.0,0.0,25.0,0.0,0.0,25.0,0.0,0.0,0.0,0.0,0.0,0.0,0.0
Argentina_1 Liga Profesional,River Plate,75,33,50,31.7,43.0,6.0,19.3,16.2,22.6,,14.6,51.0,52.6,,75.7,3,1,2,3,0.0,0.0,25.0,0.0,0.0,20.0,0.0,0.0,50.0,0.0,0.0,20.0,0.0,0.0,0.0,0.0,0.0,0.0
Argentina_1 Liga Profesional,Rosario Central,40,60,50,53.0,26.3,38.5,4.0,7.1,23.6,4.9,,13.3,89.6,12.9,,2,2,3,1,0.0,25.0,0.0,0.0,0.0,25.0,0.0,0.0,25.0,0.0,25.0,25.0,0.0,0.0,0.0,0.0,0.0,0.0
Argentina_1 Liga Profesional,San Lorenzo,40,20,30,28.0,70.0,21.3,52.5,38.2,,18.1,3.5,136.4,,85.1,6.7,2,3,1,2,20.0,0.0,0.0,0.0,0.0,0.0,0.0,0.0,0.0,0.0,20.0,0.0,0.0,33.3,0.0,0.0,0.0,0.0
Argentina_1 Liga Profesional,Sarmiento,60,0,30,27.0,,10.0,55.2,21.2,,,28.7,78.4,,,51.9,3,1,0,5,0.0,0.0,50.0,0.0,0.0,0.0,0.0,0.0,0.0,0.0,25.0,0.0,0.0,0.0,0.0,0.0,0.0,0.0
Argentina_1 Liga Profesional,Talleres Córdoba,60,40,50,41.7,53.3,21.0,62.0,14.4,33.5,,,34.5,62.8,,,3,1,3,1,0.0,0.0,0.0,0.0,0.0,25.0,50.0,0.0,0.0,25.0,25.0,0.0,0.0,0.0,0.0,0.0,0.0,25.0
Argentina_1 Liga Profesional,Tigre,67,75,70,35.2,30.0,37.0,,19.3,28.8,14.1,,54.6,96.1,38.2,,4,2,3,0,0.0,33.3,16.7,0.0,16.7,33.3,0.0,0.0,16.7,0.0,16.7,0.0,0.0,33.3,0.0,0.0,0.0,0.0
Argentina_1 Liga Profesional,Unión Santa Fe,60,60,60,37.3,22.3,,62.0,31.7,18.0,,19.8,84.8,80.6,,31.9,3,0,3,2,33.3,20.0,0.0,20.0,0.0,0.0,0.0,0.0,33.3,20.0,0.0,0.0,33.3,0.0,0.0,0.0,0.0,0.0
Argentina_1 Liga Profesional,Vélez Sarsfield,50,67,60,34.5,47.0,27.0,20.5,40.3,35.7,,9.2,116.8,76.1,,44.8,2,1,4,2,33.3,16.7,0.0,0.0,0.0,0.0,0.0,16.7,0.0,0.0,0.0,16.7,33.3,0.0,0.0,0.0,0.0,16.7
Australia_1 A-League,Adelaide United,64,18,41,30.9,13.0,46.2,24.7,22.3,1.4,36.4,16.3,72.3,10.9,78.6,66.2,7,4,2,9,9.1,0.0,18.2,18.2,0.0,0.0,18.2,0.0,0.0,0.0,9.1,0.0,9.1,0.0,0.0,0.0,0.0,0.0
Australia_1 A-League,Auckland,80,82,81,19.1,28.1,5.0,84.0,11.7,19.5,2.8,,61.1,69.2,56.6,,8,2,9,1,20.0,20.0,30.0,20.0,20.0,10.0,0.0,0.0,10.0,30.0,0.0,10.0,0.0,0.0,0.0,0.0,0.0,0.0
Australia_1 A-League,Brisbane Roar,70,36,52,25.3,51.8,6.0,22.2,17.1,30.9,0.0,15.9,67.8,59.7,0.0,71.8,7,2,4,6,22.2,0.0,11.1,0.0,0.0,10.0,22.2,0.0,22.2,20.0,0.0,0.0,0.0,0.0,0.0,0.0,0.0,10.0
Australia_1 A-League,Central Coast Mariners,27,56,40,34.7,34.0,22.5,29.2,24.5,24.6,22.9,21.0,70.7,72.5,101.6,72.1,3,6,3,6,11.1,11.1,0.0,0.0,0.0,0.0,11.1,11.1,0.0,0.0,11.1,11.1,0.0,0.0,0.0,0.0,0.0,0.0
Australia_1 A-League,Macarthur,27,40,33,6.3,51.5,37.9,40.0,4.5,29.9,18.1,22.7,71.2,58.0,47.9,56.7,3,7,4,6,20.0,0.0,10.0,10.0,0.0,0.0,0.0,0.0,0.0,10.0,0.0,0.0,0.0,10.0,0.0,0.0,0.0,10.0
Australia_1 A-League,Melbourne City FC,33,36,35,13.7,36.8,47.0,19.0,10.3,28.1,33.3,14.8,75.1,76.4,70.8,77.8,3,5,4,5,12.5,11.1,12.5,0.0,12.5,11.1,0.0,0.0,0.0,0.0,0.0,11.1,0.0,11.1,0.0,0.0,0.0,0.0
Australia_1 A-League,Melbourne Victory FC,60,45,52,22.3,33.2,14.3,23.2,16.8,33.7,13.7,23.1,75.1,101.6,95.2,99.7,6,3,5,5,11.1,10.0,22.2,20.0,22.2,0.0,0.0,10.0,0.0,0.0,11.1,0.0,0.0,0.0,0.0,0.0,0.0,10.0
Australia_1 A-League,Newcastle Jets FC,73,80,76,25.1,27.2,19.2,31.0,24.7,23.8,5.7,,98.2,87.3,29.5,,7,4,8,1,18.2,22.2,27.3,33.3,0.0,0.0,0.0,0.0,0.0,22.2,9.1,0.0,9.1,11.1,0.0,0.0,0.0,0.0
Australia_1 A-League,Perth Glory FC,40,36,38,22.2,31.0,23.7,28.9,6.1,26.2,20.8,32.6,27.6,84.4,88.0,112.8,4,6,4,7,0.0,9.1,20.0,9.1,20.0,0.0,0.0,9.1,0.0,0.0,0.0,0.0,0.0,9.1,0.0,0.0,0.0,0.0
Australia_1 A-League,Sydney FC,60,27,43,57.3,28.3,29.2,37.6,24.3,22.1,21.5,24.1,42.4,78.1,73.5,64.0,6,4,3,7,0.0,10.0,10.0,0.0,0.0,0.0,0.0,10.0,0.0,10.0,30.0,0.0,0.0,0.0,10.0,0.0,10.0,0.0
Australia_1 A-League,Wellington Phoenix,33,44,38,31.8,18.5,34.1,9.6,18.1,15.8,27.0,6.8,57.1,85.4,79.2,70.5,4,8,4,5,0.0,22.2,8.3,0.0,8.3,11.1,8.3,11.1,0.0,0.0,8.3,0.0,0.0,0.0,0.0,0.0,0.0,0.0
Australia_1 A-League,Western Sydney Wanderers,55,45,50,30.2,12.8,44.5,25.3,34.9,11.4,22.1,22.1,115.8,89.3,49.6,87.4,6,4,5,6,20.0,27.3,20.0,9.1,0.0,9.1,0.0,0.0,0.0,0.0,10.0,0.0,0.0,0.0,0.0,0.0,10.0,0.0
Belgica_1 Pro League,Cercle Brugge,20,36,28,34.0,16.8,22.5,31.3,3.6,16.6,16.0,14.2,10.6,99.0,71.1,45.4,3,11,5,7,0.0,16.7,0.0,16.7,7.1,0.0,14.3,0.0,0.0,8.3,0.0,0.0,0.0,0.0,0.0,0.0,0.0,0.0
Belgica_1 Pro League,Club Brugge,71,53,62,39.4,40.0,33.5,19.1,22.7,33.0,39.3,12.1,57.7,82.4,117.3,63.1,10,4,8,7,7.1,6.7,7.1,20.0,14.3,0.0,7.1,0.0,7.1,0.0,21.4,13.3,0.0,0.0,7.1,6.7,0.0,6.7
Belgica_1 Pro League,FCV Dender EH,36,33,34,21.8,16.2,35.1,33.6,15.4,19.1,38.9,30.3,70.6,118.2,110.8,90.1,5,7,5,8,8.3,23.1,8.3,7.7,8.3,0.0,16.7,0.0,0.0,7.7,0.0,0.0,0.0,0.0,0.0,0.0,0.0,0.0
Belgica_1 Pro League,KAA Gent,53,36,45,27.1,19.6,28.7,33.8,26.8,20.8,16.7,26.0,98.7,106.1,58.0,77.0,8,7,5,8,20.0,7.7,6.7,23.1,6.7,0.0,13.3,0.0,0.0,0.0,0.0,7.7,0.0,0.0,0.0,0.0,6.7,0.0
Belgica_1 Pro League,KRC Genk,33,57,45,31.8,23.2,16.7,23.3,26.3,22.7,11.4,20.1,82.8,97.6,68.3,86.1,5,10,8,6,6.7,14.3,13.3,21.4,0.0,7.1,0.0,7.1,6.7,0.0,0.0,0.0,6.7,0.0,0.0,7.1,0.0,0.0
Belgica_1 Pro League,KV Mechelen,73,57,66,28.6,32.6,52.3,29.7,28.6,24.1,34.6,18.3,99.8,74.0,66.2,61.8,11,3,8,6,21.4,7.1,28.6,14.3,7.1,0.0,7.1,28.6,0.0,0.0,0.0,0.0,0.0,0.0,7.1,0.0,7.1,7.1
Belgica_1 Pro League,KVC Westerlo,33,50,41,10.8,15.3,24.6,36.5,12.1,12.3,26.8,16.9,112.3,80.5,108.8,46.2,5,8,7,6,23.1,15.4,7.7,30.8,7.7,0.0,0.0,7.7,0.0,0.0,0.0,0.0,0.0,0.0,0.0,0.0,0.0,0.0
Belgica_1 Pro League,OH Leuven,43,33,38,24.8,47.6,26.4,32.4,23.6,32.7,28.3,23.9,94.9,68.7,107.2,73.8,6,7,5,9,23.1,7.1,0.0,7.1,0.0,0.0,15.4,0.0,0.0,0.0,0.0,0.0,7.7,7.1,0.0,14.3,0.0,0.0
Belgica_1 Pro League,RAAL La Louvière,29,20,24,30.8,6.3,40.2,29.6,19.2,1.5,35.5,27.4,62.5,24.1,88.3,92.6,4,5,3,9,0.0,25.0,11.1,0.0,22.2,0.0,0.0,0.0,0.0,0.0,11.1,0.0,0.0,0.0,0.0,0.0,0.0,0.0
Belgica_1 Pro League,RSC Anderlecht,57,53,55,32.4,39.5,25.5,41.6,26.1,31.8,20.8,38.0,80.5,80.4,81.7,91.3,7,4,8,7,9.1,13.3,27.3,6.7,0.0,0.0,0.0,13.3,0.0,0.0,18.2,6.7,9.1,0.0,0.0,6.7,0.0,6.7
Belgica_1 Pro League,Royal Antwerp FC,60,43,52,38.8,39.6,21.0,26.9,21.7,29.1,15.7,19.2,56.1,73.6,75.0,71.4,9,6,5,7,6.7,0.0,6.7,8.3,6.7,16.7,20.0,0.0,0.0,8.3,13.3,0.0,0.0,0.0,6.7,0.0,0.0,8.3
Belgica_1 Pro League,Sint-Truiden,64,33,48,27.0,36.0,29.4,35.1,24.5,25.6,21.6,20.1,90.7,71.2,73.5,57.2,9,5,5,10,21.4,6.7,14.3,0.0,14.3,13.3,0.0,0.0,0.0,0.0,7.1,6.7,0.0,0.0,7.1,6.7,0.0,0.0
Belgica_1 Pro League,Sporting Charleroi,40,57,48,31.2,19.6,27.2,20.6,29.5,21.0,20.6,18.4,94.6,107.4,75.5,89.2,6,8,7,7,14.3,21.4,7.1,14.3,0.0,7.1,7.1,0.0,7.1,0.0,0.0,0.0,0.0,7.1,0.0,0.0,7.1,0.0
Belgica_1 Pro League,Standard Liège,71,47,59,26.5,34.4,32.7,40.6,21.8,29.8,35.0,27.2,82.3,86.6,107.0,67.1,10,3,7,8,23.1,13.3,15.4,0.0,15.4,6.7,7.7,13.3,0.0,0.0,7.7,6.7,7.7,0.0,0.0,0.0,0.0,6.7
Belgica_1 Pro League,Union Saint-Gilloise,87,50,69,33.2,43.3,4.5,34.8,21.0,31.0,0.7,30.2,63.3,71.6,15.7,87.0,13,2,7,4,13.3,9.1,13.3,9.1,6.7,9.1,20.0,18.2,13.3,0.0,6.7,0.0,13.3,0.0,0.0,0.0,0.0,18.2
Belgica_1 Pro League,Zulte-Waregem,43,33,38,37.3,20.4,54.5,15.5,26.4,11.3,30.4,13.9,70.8,55.2,55.8,90.0,6,8,5,8,0.0,7.7,14.3,7.7,7.1,23.1,7.1,0.0,0.0,0.0,7.1,0.0,0.0,0.0,0.0,0.0,7.1,0.0
Brasileiro_A Serie A,Atlético Mineiro,75,0,43,29.3,,27.0,36.3,31.6,,,15.6,107.9,,,42.8,3,1,0,3,25.0,0.0,0.0,0.0,25.0,0.0,0.0,0.0,0.0,0.0,0.0,0.0,25.0,0.0,0.0,0.0,0.0,0.0
Brasileiro_A Serie A,Atlético PR,67,67,67,3.5,7.0,20.0,43.0,3.5,2.8,,,101.0,40.4,,,2,1,2,1,66.7,66.7,0.0,0.0,0.0,0.0,0.0,0.0,0.0,0.0,0.0,0.0,0.0,0.0,0.0,0.0,0.0,0.0
Brasileiro_A Serie A,Bahia,33,67,50,17.0,22.5,33.5,12.0,,0.7,19.1,,,3.1,57.0,,1,2,2,1,0.0,0.0,33.3,0.0,0.0,66.7,0.0,0.0,0.0,0.0,0.0,0.0,0.0,0.0,0.0,0.0,0.0,0.0
Brasileiro_A Serie A,Botafogo,50,33,40,48.0,17.0,13.0,32.0,,,,32.5,,,,101.6,1,1,1,2,0.0,0.0,0.0,33.3,0.0,0.0,0.0,0.0,50.0,0.0,0.0,0.0,0.0,0.0,0.0,0.0,0.0,0.0
Brasileiro_A Serie A,Bragantino,100,25,57,39.0,93.0,,23.7,3.6,,,20.8,9.2,,,88.0,3,0,1,3,0.0,0.0,0.0,0.0,0.0,0.0,66.7,0.0,33.3,0.0,0.0,0.0,0.0,0.0,0.0,0.0,0.0,25.0
Brasileiro_A Serie A,Chapecoense,50,0,33,22.0,,41.0,51.0,8.5,,,5.7,38.6,,,11.1,2,1,0,2,0.0,0.0,33.3,0.0,33.3,0.0,0.0,0.0,0.0,0.0,0.0,0.0,0.0,0.0,0.0,0.0,0.0,0.0
Brasileiro_A Serie A,Corinthians,67,50,57,29.5,19.0,37.0,9.0,24.7,1.4,,,83.9,7.4,,,2,1,2,1,0.0,0.0,33.3,66.7,0.0,0.0,0.0,0.0,33.3,0.0,0.0,0.0,0.0,0.0,0.0,0.0,0.0,0.0
Brasileiro_A Serie A,Coritiba,33,75,57,24.0,47.3,75.0,19.0,,14.6,25.5,,,30.8,33.9,,1,2,3,1,0.0,0.0,0.0,0.0,33.3,0.0,0.0,25.0,0.0,25.0,0.0,0.0,0.0,25.0,0.0,0.0,0.0,0.0
Brasileiro_A Serie A,Cruzeiro,100,25,57,12.0,23.0,,18.0,6.1,,,26.1,50.7,,,144.8,3,0,1,3,66.7,0.0,33.3,0.0,0.0,25.0,0.0,0.0,0.0,0.0,0.0,0.0,0.0,0.0,0.0,0.0,0.0,0.0
Brasileiro_A Serie A,Flamengo,67,100,83,12.0,27.3,47.0,,9.9,23.1,,,82.5,84.6,,,2,1,3,0,33.3,0.0,33.3,66.7,0.0,0.0,0.0,0.0,0.0,0.0,0.0,33.3,0.0,0.0,0.0,0.0,0.0,0.0
Brasileiro_A Serie A,Fluminense,100,75,86,50.5,12.3,5.0,9.0,6.4,10.0,,,12.6,81.2,,,2,1,3,1,0.0,25.0,0.0,50.0,0.0,0.0,0.0,0.0,33.3,0.0,33.3,0.0,0.0,0.0,0.0,0.0,0.0,0.0
Brasileiro_A Serie A,Grêmio,75,0,43,28.3,,17.0,32.7,22.0,,,11.7,77.8,,,35.9,3,1,0,3,25.0,0.0,0.0,0.0,25.0,0.0,0.0,0.0,0.0,0.0,25.0,0.0,0.0,0.0,0.0,0.0,0.0,0.0
Brasileiro_A Serie A,Internacional,0,75,43,,32.3,18.3,2.0,,24.5,8.1,,,75.9,44.1,,0,3,3,1,0.0,25.0,0.0,0.0,0.0,0.0,0.0,0.0,0.0,50.0,0.0,0.0,0.0,0.0,0.0,0.0,0.0,0.0
Brasileiro_A Serie A,Mirassol,25,0,17,21.0,,36.0,17.0,,,24.3,12.7,,,67.4,74.9,1,3,0,2,0.0,0.0,0.0,0.0,25.0,0.0,0.0,0.0,0.0,0.0,0.0,0.0,0.0,0.0,0.0,0.0,0.0,0.0
Brasileiro_A Serie A,Palmeiras,100,100,100,17.0,30.0,,,9.3,8.9,,,54.6,29.6,,,4,0,3,0,50.0,0.0,0.0,0.0,50.0,66.7,0.0,33.3,0.0,0.0,0.0,0.0,0.0,0.0,0.0,0.0,0.0,0.0
Brasileiro_A Serie A,Remo,33,0,14,8.0,,10.0,30.8,,,8.5,18.3,,,84.9,59.5,1,2,0,4,33.3,0.0,0.0,0.0,0.0,0.0,0.0,0.0,0.0,0.0,0.0,0.0,0.0,0.0,0.0,0.0,0.0,0.0
Brasileiro_A Serie A,Santos,50,0,29,37.5,,32.0,14.3,17.7,,19.8,7.6,47.1,,61.9,53.3,2,2,0,3,0.0,0.0,0.0,0.0,25.0,0.0,0.0,0.0,25.0,0.0,0.0,0.0,0.0,0.0,0.0,0.0,0.0,0.0
Brasileiro_A Serie A,São Paulo,67,25,43,35.5,57.0,54.0,50.0,16.3,,,14.0,45.8,,,28.0,2,1,1,3,0.0,0.0,0.0,0.0,33.3,0.0,0.0,0.0,33.3,0.0,0.0,25.0,0.0,0.0,0.0,0.0,0.0,0.0
Brasileiro_A Serie A,Vasco da Gama,25,33,29,55.0,21.0,21.0,16.5,,,19.5,12.0,,,92.9,72.9,1,3,1,2,0.0,0.0,0.0,0.0,0.0,33.3,0.0,0.0,0.0,0.0,25.0,0.0,0.0,0.0,0.0,0.0,0.0,0.0
Brasileiro_A Serie A,Vitória,67,0,33,39.0,47.0,15.0,25.5,26.9,,,2.1,68.9,,,8.3,2,1,1,2,0.0,0.0,33.3,0.0,0.0,0.0,0.0,0.0,0.0,33.3,33.3,0.0,0.0,0.0,0.0,0.0,0.0,0.0
Bulgaria_1 First League,Arda,46,46,46,39.7,16.3,23.8,48.0,28.5,8.1,6.9,29.1,71.8,49.5,29.2,60.6,6,5,6,4,0.0,20.0,18.2,10.0,0.0,30.0,18.2,0.0,0.0,0.0,9.1,0.0,0.0,0.0,0.0,0.0,9.1,0.0
Bulgaria_1 First League,Beroe,46,23,35,45.2,34.7,40.2,33.7,21.2,15.5,23.3,19.6,46.9,44.8,57.9,58.3,6,4,3,6,10.0,0.0,0.0,0.0,0.0,22.2,0.0,0.0,30.0,0.0,10.0,11.1,0.0,0.0,10.0,0.0,0.0,0.0
Bulgaria_1 First League,Botev Plovdiv,46,21,33,34.2,34.3,45.5,23.9,18.5,46.5,22.3,12.6,54.0,135.4,48.9,52.8,6,6,3,7,8.3,20.0,8.3,0.0,8.3,0.0,0.0,0.0,16.7,0.0,8.3,0.0,0.0,0.0,0.0,0.0,0.0,10.0
Bulgaria_1 First League,Botev Vratsa,31,38,35,50.8,28.2,69.0,39.0,26.3,24.6,21.4,27.9,51.7,87.1,31.0,71.5,4,4,5,6,0.0,9.1,12.5,18.2,0.0,0.0,0.0,0.0,12.5,9.1,0.0,9.1,12.5,0.0,12.5,0.0,0.0,0.0
Bulgaria_1 First League,CSKA 1948 Sofia,69,62,65,26.0,33.1,53.5,32.2,24.7,20.7,10.6,17.5,94.9,62.5,19.8,54.2,9,2,8,4,27.3,8.3,18.2,16.7,9.1,8.3,9.1,8.3,9.1,16.7,0.0,0.0,0.0,0.0,0.0,8.3,9.1,0.0
Bulgaria_1 First League,CSKA Sofia,62,54,58,33.4,36.0,21.7,55.5,28.7,24.8,15.5,27.9,86.1,68.9,71.6,50.3,8,3,7,6,18.2,7.7,18.2,15.4,0.0,0.0,18.2,0.0,0.0,23.1,0.0,0.0,9.1,0.0,0.0,7.7,9.1,0.0
Bulgaria_1 First League,Cherno More,54,62,58,36.6,25.0,21.5,35.3,16.0,23.9,3.5,22.0,43.7,95.5,16.4,62.2,7,2,8,3,0.0,27.3,11.1,18.2,22.2,9.1,22.2,0.0,11.1,0.0,0.0,0.0,11.1,18.2,0.0,0.0,0.0,0.0
Bulgaria_1 First League,Dobrudzha 1919,31,23,27,36.0,14.0,24.1,31.1,22.9,13.5,19.0,16.3,63.5,96.1,78.7,52.2,4,9,3,8,7.7,18.2,0.0,0.0,0.0,9.1,15.4,0.0,0.0,0.0,0.0,0.0,7.7,0.0,0.0,0.0,0.0,0.0
Bulgaria_1 First League,Levski Sofia,85,46,65,29.5,37.8,76.0,34.3,29.3,25.8,,25.7,99.0,68.3,,75.0,11,1,6,6,33.3,8.3,16.7,8.3,0.0,8.3,16.7,0.0,8.3,8.3,0.0,0.0,8.3,8.3,0.0,8.3,8.3,0.0
Bulgaria_1 First League,Lokomotiv Plovdiv,57,50,54,34.5,36.8,35.0,43.8,27.9,24.4,27.3,26.3,80.9,66.2,78.0,60.1,8,4,6,5,16.7,9.1,0.0,0.0,8.3,18.2,25.0,0.0,0.0,18.2,8.3,0.0,0.0,0.0,0.0,9.1,8.3,0.0
Bulgaria_1 First League,Lokomotiv Sofia 1929,36,42,38,20.8,33.8,40.7,23.0,16.3,16.3,18.2,27.0,78.6,48.2,44.7,117.2,5,7,5,6,16.7,0.0,8.3,18.2,0.0,9.1,16.7,0.0,0.0,9.1,0.0,9.1,0.0,0.0,0.0,0.0,0.0,0.0
Bulgaria_1 First League,Ludogorets,54,50,52,32.8,42.7,28.5,16.2,24.4,24.7,30.0,21.3,74.2,57.8,105.1,130.9,6,6,7,4,8.3,0.0,0.0,9.1,25.0,18.2,8.3,0.0,0.0,27.3,0.0,0.0,0.0,0.0,8.3,0.0,0.0,9.1
Bulgaria_1 First League,Montana,25,14,19,17.7,70.0,16.3,30.3,9.2,2.8,8.8,29.7,52.3,4.0,54.1,98.1,3,7,2,10,10.0,0.0,0.0,0.0,20.0,0.0,0.0,0.0,0.0,0.0,0.0,0.0,0.0,8.3,0.0,8.3,0.0,0.0
Bulgaria_1 First League,Septemvri Sofia,42,29,35,57.8,36.0,30.6,27.9,13.9,13.0,21.2,16.7,24.1,36.1,69.3,59.8,4,8,4,9,0.0,0.0,0.0,0.0,0.0,15.4,0.0,7.7,8.3,0.0,16.7,7.7,0.0,0.0,8.3,0.0,0.0,0.0
Bulgaria_1 First League,Slavia Sofia,36,46,41,23.0,33.3,36.4,47.3,6.4,35.1,31.9,25.1,28.0,105.3,87.6,53.0,5,7,6,7,0.0,23.1,16.7,0.0,16.7,0.0,8.3,7.7,0.0,0.0,0.0,0.0,0.0,7.7,0.0,0.0,0.0,7.7
Bulgaria_1 First League,Spartak Varna,43,23,33,40.0,38.3,24.7,33.4,28.8,15.5,20.3,25.8,72.1,40.4,82.1,77.2,6,7,3,7,0.0,0.0,15.4,0.0,7.7,10.0,0.0,10.0,15.4,0.0,0.0,10.0,0.0,0.0,0.0,0.0,7.7,0.0
Chile_1 Primera Division,Audax Italiano,75,0,43,26.0,,5.0,34.0,35.6,,,15.6,136.9,,,45.8,3,1,0,2,50.0,0.0,0.0,0.0,0.0,0.0,0.0,0.0,0.0,0.0,0.0,0.0,25.0,0.0,0.0,0.0,0.0,0.0
Chile_1 Primera Division,Cobresal,50,33,43,27.0,81.0,9.0,20.5,33.9,,11.3,17.7,125.7,,125.7,86.2,2,2,1,2,25.0,0.0,0.0,0.0,0.0,0.0,0.0,0.0,0.0,0.0,25.0,0.0,0.0,0.0,0.0,0.0,0.0,33.3
Chile_1 Primera Division,Colo-Colo,75,67,71,75.0,30.0,70.0,7.0,27.7,35.4,,,37.0,117.9,,,3,1,2,1,0.0,33.3,0.0,0.0,0.0,0.0,0.0,0.0,25.0,0.0,0.0,33.3,0.0,0.0,0.0,0.0,50.0,0.0
Chile_1 Primera Division,Concepción,0,40,29,,18.0,55.0,27.7,,5.7,36.8,24.0,,31.4,66.9,86.8,0,2,2,3,0.0,0.0,0.0,20.0,0.0,20.0,0.0,0.0,0.0,0.0,0.0,0.0,0.0,0.0,0.0,0.0,0.0,0.0
Chile_1 Primera Division,Coquimbo Unido,33,75,57,19.0,33.0,45.0,53.0,,37.0,43.8,,,112.2,97.4,,1,2,3,1,0.0,25.0,33.3,25.0,0.0,0.0,0.0,0.0,0.0,0.0,0.0,0.0,0.0,0.0,0.0,25.0,0.0,0.0
Chile_1 Primera Division,Deportes Limache,100,75,86,12.3,13.7,,67.0,4.7,7.6,,,38.3,55.4,,,3,0,3,1,33.3,25.0,66.7,50.0,0.0,0.0,0.0,0.0,0.0,0.0,0.0,0.0,0.0,0.0,0.0,0.0,0.0,0.0
Chile_1 Primera Division,Everton,33,50,43,67.0,7.0,37.5,79.0,,4.2,19.1,17.0,,60.6,50.9,21.5,1,2,2,2,0.0,50.0,0.0,0.0,0.0,0.0,0.0,0.0,0.0,0.0,0.0,0.0,33.3,0.0,0.0,0.0,0.0,0.0
Chile_1 Primera Division,Huachipato,0,25,14,,51.0,12.0,36.7,,,6.6,18.3,,,54.6,50.0,0,3,1,3,0.0,0.0,0.0,0.0,0.0,0.0,0.0,0.0,0.0,0.0,0.0,25.0,0.0,0.0,0.0,0.0,0.0,0.0
Chile_1 Primera Division,La Serena,75,33,57,33.7,1.0,75.0,60.0,4.0,,,39.6,12.0,,,66.0,3,1,1,2,0.0,33.3,0.0,0.0,25.0,0.0,50.0,0.0,0.0,0.0,0.0,0.0,0.0,0.0,0.0,0.0,0.0,0.0
Chile_1 Primera Division,O'Higgins,75,33,57,51.7,1.0,55.0,24.0,31.8,,,14.1,61.5,,,58.9,3,1,1,2,0.0,33.3,0.0,0.0,25.0,0.0,25.0,0.0,0.0,0.0,0.0,0.0,0.0,0.0,0.0,0.0,25.0,0.0
Chile_1 Primera Division,Palestino,75,33,57,32.0,18.0,,56.0,2.6,,,52.3,8.3,,,93.4,3,0,1,2,0.0,0.0,0.0,33.3,33.3,0.0,66.7,0.0,0.0,0.0,0.0,0.0,0.0,0.0,0.0,0.0,0.0,0.0
Chile_1 Primera Division,Univ. Concepción,50,33,43,73.0,38.0,16.0,19.0,28.3,,8.5,15.6,38.7,,53.0,81.9,2,2,1,2,0.0,0.0,0.0,0.0,0.0,0.0,0.0,33.3,0.0,0.0,25.0,0.0,0.0,0.0,0.0,0.0,25.0,0.0
Chile_1 Primera Division,Universidad Católica,33,0,14,51.0,,11.5,25.0,,,10.6,15.5,,,92.2,61.9,1,2,0,4,0.0,0.0,0.0,0.0,0.0,0.0,0.0,0.0,0.0,0.0,33.3,0.0,0.0,0.0,0.0,0.0,0.0,0.0
Chile_1 Primera Division,Universidad Chile,0,75,43,,53.0,21.5,,,34.8,23.3,,,65.6,108.5,,0,2,3,0,0.0,0.0,0.0,33.3,0.0,0.0,0.0,0.0,0.0,0.0,0.0,0.0,0.0,33.3,0.0,33.3,0.0,0.0
Chile_1 Primera Division,Unión La Calera,50,33,43,15.5,24.0,46.0,64.5,10.6,,63.6,37.5,68.4,,138.3,58.1,2,2,1,2,25.0,0.0,0.0,0.0,25.0,33.3,0.0,0.0,0.0,0.0,0.0,0.0,0.0,0.0,0.0,0.0,0.0,0.0
Chile_1 Primera Division,Ñublense,75,67,71,34.3,60.0,19.0,29.0,9.7,43.8,,,28.3,73.1,,,3,1,2,1,0.0,0.0,0.0,0.0,25.0,33.3,25.0,0.0,25.0,0.0,0.0,0.0,0.0,0.0,0.0,0.0,0.0,33.3
Colombia_1 Liga BetPlay,Alianza Petrolera,80,0,36,32.0,,19.0,41.0,24.2,,,25.4,75.6,,,61.9,4,1,0,6,20.0,0.0,20.0,0.0,0.0,0.0,0.0,0.0,20.0,0.0,20.0,0.0,0.0,0.0,0.0,0.0,0.0,0.0
Colombia_1 Liga BetPlay,América de Cali,60,50,55,38.7,33.3,10.5,7.7,33.1,16.3,2.1,5.0,85.6,48.8,20.2,65.7,3,2,3,3,0.0,0.0,20.0,16.7,20.0,16.7,0.0,0.0,0.0,0.0,0.0,16.7,0.0,0.0,20.0,0.0,0.0,0.0
Colombia_1 Liga BetPlay,Atlético Bucaramanga,50,40,45,27.0,31.5,41.0,32.0,7.0,3.5,,,25.9,11.2,,,3,1,2,1,0.0,0.0,25.0,0.0,25.0,33.3,25.0,33.3,0.0,0.0,0.0,0.0,0.0,0.0,0.0,0.0,0.0,0.0
Colombia_1 Liga BetPlay,Atlético Nacional,100,17,55,19.8,49.0,,35.4,16.8,,,21.1,84.9,,,59.6,5,0,1,5,40.0,0.0,20.0,0.0,0.0,0.0,20.0,0.0,20.0,16.7,0.0,0.0,0.0,0.0,0.0,0.0,0.0,0.0
Colombia_1 Liga BetPlay,Boyacá Chicó,40,0,18,16.0,,72.3,35.0,14.1,,36.8,16.9,88.4,,50.9,48.2,2,3,0,6,20.0,0.0,0.0,0.0,20.0,0.0,0.0,0.0,0.0,0.0,0.0,0.0,0.0,0.0,0.0,0.0,0.0,0.0
Colombia_1 Liga BetPlay,Cúcuta Deportivo,33,33,33,23.5,16.5,27.0,29.8,16.3,3.5,15.4,18.7,69.2,21.4,57.0,63.0,2,4,2,4,0.0,0.0,16.7,33.3,0.0,0.0,16.7,0.0,0.0,0.0,0.0,0.0,0.0,0.0,0.0,0.0,0.0,0.0
Colombia_1 Liga BetPlay,Deportes Tolima,80,50,64,50.8,11.7,61.0,21.0,12.3,3.5,,,24.3,30.1,,,4,1,3,1,0.0,25.0,0.0,50.0,0.0,0.0,20.0,0.0,0.0,0.0,60.0,0.0,0.0,0.0,0.0,0.0,0.0,0.0
Colombia_1 Liga BetPlay,Deportivo Cali,57,40,50,25.2,36.5,36.5,60.5,20.1,16.3,0.7,13.4,79.6,44.6,1.9,22.2,4,2,2,2,16.7,0.0,16.7,0.0,0.0,25.0,16.7,0.0,16.7,25.0,0.0,0.0,0.0,0.0,0.0,0.0,0.0,0.0
Colombia_1 Liga BetPlay,Deportivo Pasto,86,40,67,29.3,25.0,,18.3,21.9,7.1,,14.7,74.6,28.3,,80.4,6,0,2,3,33.3,0.0,0.0,20.0,16.7,20.0,16.7,0.0,0.0,0.0,33.3,0.0,0.0,0.0,0.0,0.0,0.0,0.0
Colombia_1 Liga BetPlay,Deportivo Pereira,20,50,36,35.0,37.3,51.0,18.0,,11.9,6.2,10.1,,32.0,12.2,56.4,1,3,3,3,0.0,0.0,0.0,0.0,0.0,16.7,25.0,0.0,0.0,33.3,0.0,0.0,0.0,0.0,0.0,0.0,0.0,0.0
Colombia_1 Liga BetPlay,Fortaleza CEIF,60,0,25,54.7,,33.5,17.8,45.6,,21.9,12.6,83.5,,65.4,70.6,3,2,0,6,20.0,0.0,0.0,0.0,0.0,0.0,0.0,0.0,0.0,0.0,0.0,0.0,0.0,0.0,20.0,0.0,20.0,0.0
Colombia_1 Liga BetPlay,Independiente Medellín,40,33,36,13.0,33.5,21.3,42.3,11.3,24.7,14.2,8.4,87.0,73.9,66.5,19.8,2,3,2,3,20.0,0.0,0.0,20.0,20.0,0.0,0.0,0.0,0.0,0.0,0.0,20.0,0.0,0.0,0.0,0.0,0.0,0.0
Colombia_1 Liga BetPlay,Jaguares de Córdoba,67,17,42,39.0,49.0,5.0,12.8,21.8,,4.2,8.9,56.0,,84.9,69.7,4,2,1,5,0.0,0.0,0.0,0.0,33.3,0.0,16.7,0.0,0.0,16.7,0.0,0.0,16.7,0.0,0.0,0.0,0.0,0.0
Colombia_1 Liga BetPlay,Junior,67,67,67,25.0,24.3,28.5,11.0,18.1,21.1,29.0,9.5,72.2,86.8,101.7,86.7,4,2,3,3,16.7,16.7,16.7,0.0,0.0,16.7,16.7,0.0,16.7,16.7,0.0,0.0,0.0,0.0,0.0,0.0,0.0,0.0
Colombia_1 Liga BetPlay,La Equidad,17,33,25,54.0,19.7,30.3,32.5,,22.0,14.7,27.6,,111.7,48.6,84.9,1,3,3,2,0.0,40.0,0.0,0.0,0.0,0.0,0.0,0.0,0.0,20.0,25.0,0.0,0.0,0.0,0.0,0.0,0.0,0.0
Colombia_1 Liga BetPlay,Llaneros,57,60,58,22.0,45.0,42.0,3.0,12.2,23.5,10.8,1.4,55.4,52.3,25.8,47.1,4,3,3,2,14.3,0.0,14.3,20.0,0.0,0.0,28.6,0.0,0.0,0.0,0.0,20.0,0.0,20.0,0.0,0.0,0.0,0.0
Colombia_1 Liga BetPlay,Millonarios,71,40,58,27.6,41.0,27.0,28.0,26.2,,,25.1,95.1,,,89.5,5,1,1,3,33.3,0.0,16.7,0.0,0.0,0.0,0.0,0.0,0.0,25.0,33.3,0.0,0.0,0.0,0.0,0.0,0.0,0.0
Colombia_1 Liga BetPlay,Once Caldas,83,33,58,15.4,22.5,78.0,45.0,13.2,19.1,,16.5,85.9,84.9,,36.7,5,1,2,4,50.0,16.7,16.7,0.0,0.0,0.0,16.7,16.7,0.0,0.0,0.0,0.0,0.0,0.0,0.0,0.0,0.0,0.0
Colombia_1 Liga BetPlay,Rionegro Águilas,33,60,45,52.0,53.7,28.3,43.5,1.4,36.0,19.9,17.7,2.7,67.1,70.1,40.6,2,3,3,2,0.0,0.0,0.0,20.0,0.0,0.0,0.0,0.0,0.0,0.0,40.0,20.0,0.0,0.0,0.0,0.0,0.0,20.0
Colombia_1 Liga BetPlay,Santa Fe,60,50,55,21.0,70.7,29.5,59.0,10.5,30.7,16.3,33.0,50.2,43.4,55.1,55.9,3,2,3,3,20.0,0.0,0.0,0.0,20.0,0.0,20.0,16.7,0.0,0.0,0.0,0.0,0.0,0.0,0.0,16.7,0.0,16.7
Croacia_1 HNL,Dinamo Zagreb,77,62,69,23.7,36.4,41.7,21.5,16.2,21.5,24.0,22.4,68.5,59.2,57.6,104.2,10,3,8,4,23.1,8.3,7.7,0.0,23.1,25.0,0.0,8.3,23.1,8.3,0.0,8.3,0.0,0.0,0.0,8.3,0.0,0.0
Croacia_1 HNL,Gorica,46,38,42,24.5,25.0,25.5,26.9,14.6,9.1,18.1,22.2,59.6,36.6,70.8,82.6,6,6,5,7,8.3,0.0,8.3,8.3,16.7,25.0,8.3,0.0,8.3,8.3,0.0,0.0,0.0,0.0,0.0,0.0,0.0,0.0
Croacia_1 HNL,HNK Vukovar 1991,25,21,23,44.0,19.0,37.4,30.0,25.7,27.7,22.8,17.3,58.4,146.0,61.0,57.5,3,9,3,10,0.0,15.4,8.3,0.0,0.0,0.0,0.0,0.0,0.0,0.0,8.3,7.7,8.3,0.0,0.0,0.0,0.0,0.0
Croacia_1 HNL,Hajduk Split,64,58,62,32.4,31.4,29.0,16.5,29.9,28.9,18.5,18.6,92.3,92.0,64.0,112.9,8,6,7,4,21.4,9.1,7.1,18.2,7.1,18.2,0.0,0.0,0.0,0.0,7.1,0.0,7.1,9.1,7.1,9.1,0.0,0.0
Croacia_1 HNL,Istra 1961,46,43,44,24.7,23.1,32.4,26.5,24.3,16.0,19.4,21.1,98.6,69.1,59.8,79.7,6,7,7,6,23.1,15.4,7.7,7.7,0.0,15.4,0.0,7.7,7.7,7.7,0.0,0.0,7.7,0.0,0.0,0.0,0.0,0.0
Croacia_1 HNL,Lokomotiva Zagreb,62,38,50,24.2,26.0,25.8,20.8,15.9,26.8,21.0,14.5,65.5,103.1,81.6,69.7,8,5,5,8,0.0,23.1,30.8,0.0,15.4,0.0,7.7,0.0,0.0,7.7,7.7,0.0,0.0,7.7,0.0,0.0,0.0,0.0
Croacia_1 HNL,Osijek,21,58,38,38.7,35.4,30.9,6.2,16.1,17.7,23.4,3.0,41.6,50.1,75.9,47.8,3,7,7,4,0.0,9.1,0.0,0.0,10.0,0.0,10.0,36.4,0.0,9.1,10.0,0.0,0.0,9.1,0.0,0.0,0.0,0.0
Croacia_1 HNL,Rijeka,57,50,54,30.0,27.2,7.5,31.0,30.7,19.0,11.0,28.5,102.3,69.8,146.7,92.0,8,4,6,5,16.7,9.1,25.0,9.1,0.0,18.2,8.3,0.0,0.0,9.1,8.3,9.1,0.0,0.0,0.0,0.0,8.3,0.0
Croacia_1 HNL,Slaven Koprivnica,50,57,54,23.8,26.9,24.8,41.5,25.2,16.4,14.9,33.6,105.5,61.2,60.0,81.0,6,5,7,6,27.3,7.7,9.1,7.7,0.0,15.4,0.0,7.7,9.1,15.4,0.0,0.0,9.1,0.0,0.0,0.0,0.0,0.0
Croacia_1 HNL,Varaždin,31,36,33,18.0,21.2,21.9,36.8,16.5,14.8,15.0,22.2,91.7,69.8,68.7,60.3,4,8,5,8,16.7,7.7,8.3,15.4,0.0,7.7,0.0,0.0,8.3,7.7,0.0,0.0,0.0,0.0,0.0,0.0,0.0,0.0
Dinamarca_1 Superliga,AGF,73,75,74,27.1,27.0,14.5,34.0,28.2,20.9,6.4,38.9,103.9,77.4,43.9,114.5,8,2,9,3,40.0,16.7,0.0,16.7,0.0,8.3,30.0,16.7,0.0,8.3,0.0,0.0,0.0,8.3,0.0,0.0,10.0,0.0
Dinamarca_1 Superliga,Brøndby,58,45,52,20.0,26.4,60.3,40.4,13.1,30.8,16.5,25.9,65.4,116.6,27.4,64.2,7,3,5,5,20.0,10.0,20.0,30.0,20.0,0.0,0.0,0.0,10.0,0.0,0.0,0.0,0.0,0.0,0.0,0.0,0.0,10.0
Dinamarca_1 Superliga,Fredericia,33,36,35,21.8,15.2,40.8,18.1,23.0,9.7,24.9,14.4,105.7,63.9,61.1,79.3,4,8,4,7,16.7,9.1,0.0,18.2,0.0,9.1,8.3,0.0,8.3,0.0,0.0,0.0,0.0,0.0,0.0,0.0,0.0,0.0
Dinamarca_1 Superliga,København,36,33,35,25.2,24.8,15.8,44.0,32.2,9.4,14.7,24.9,127.6,38.1,92.9,56.7,4,6,4,8,20.0,0.0,0.0,8.3,10.0,16.7,0.0,8.3,0.0,0.0,0.0,0.0,0.0,0.0,10.0,0.0,0.0,0.0
Dinamarca_1 Superliga,Midtjylland,42,73,57,36.6,34.8,37.3,13.0,40.7,24.9,34.3,7.1,111.3,71.6,92.0,54.4,5,6,8,2,18.2,10.0,9.1,20.0,0.0,20.0,0.0,0.0,0.0,10.0,0.0,10.0,0.0,0.0,9.1,10.0,9.1,0.0
Dinamarca_1 Superliga,Nordsjælland,91,25,57,31.2,70.5,16.0,23.1,25.3,40.3,,27.8,81.1,57.2,,120.4,10,1,2,10,27.3,0.0,18.2,0.0,0.0,0.0,9.1,0.0,18.2,8.3,9.1,0.0,0.0,0.0,9.1,0.0,0.0,8.3
Dinamarca_1 Superliga,OB,58,50,54,30.7,9.2,20.6,14.4,14.3,8.8,13.0,8.9,46.6,96.4,63.3,61.8,7,5,6,5,8.3,36.4,8.3,9.1,8.3,9.1,16.7,0.0,16.7,0.0,0.0,0.0,0.0,0.0,0.0,0.0,0.0,0.0
Dinamarca_1 Superliga,Randers,45,42,43,25.0,38.2,18.0,19.2,18.9,23.8,18.0,19.0,75.7,62.4,99.9,98.9,4,5,5,5,0.0,10.0,33.3,10.0,0.0,0.0,0.0,0.0,0.0,10.0,11.1,20.0,0.0,0.0,0.0,0.0,0.0,0.0
Dinamarca_1 Superliga,Silkeborg,25,55,39,20.3,21.0,26.9,15.8,7.6,19.4,21.8,6.5,37.6,92.4,81.3,41.1,3,8,6,5,0.0,27.3,9.1,0.0,18.2,0.0,0.0,18.2,0.0,9.1,0.0,0.0,0.0,0.0,0.0,0.0,0.0,0.0
Dinamarca_1 Superliga,SønderjyskE,42,45,43,19.6,27.8,28.9,44.2,18.4,19.1,25.7,11.1,94.0,68.7,89.2,25.1,5,7,5,4,25.0,11.1,0.0,22.2,8.3,0.0,0.0,0.0,8.3,11.1,0.0,11.1,0.0,0.0,0.0,0.0,0.0,0.0
Dinamarca_1 Superliga,Vejle,42,33,38,32.0,26.5,40.4,15.1,27.9,26.2,22.5,10.4,87.3,98.9,55.5,68.9,5,7,4,8,8.3,16.7,16.7,0.0,0.0,8.3,0.0,0.0,8.3,0.0,0.0,0.0,0.0,8.3,8.3,0.0,0.0,0.0
Dinamarca_1 Superliga,Viborg,64,33,48,14.0,58.5,10.2,26.7,11.4,14.0,5.9,27.0,81.1,23.9,57.6,101.2,7,4,4,7,36.4,0.0,9.1,0.0,9.1,0.0,9.1,0.0,0.0,9.1,0.0,18.2,0.0,0.0,0.0,9.1,0.0,0.0
Escocia_1 Premiership,Aberdeen,40,27,33,36.2,52.5,33.2,38.4,26.3,41.5,22.1,26.2,72.7,79.1,66.6,68.3,6,8,4,10,7.1,0.0,7.1,14.3,7.1,0.0,7.1,0.0,0.0,0.0,0.0,0.0,7.1,0.0,7.1,7.1,0.0,7.1
Escocia_1 Premiership,Celtic,73,53,63,32.0,34.1,33.0,12.0,21.9,30.2,9.5,6.8,68.3,88.6,28.9,57.0,11,3,8,6,7.1,14.3,21.4,7.1,21.4,14.3,14.3,0.0,7.1,7.1,0.0,7.1,0.0,0.0,0.0,0.0,7.1,7.1
Escocia_1 Premiership,Dundee,33,27,30,29.2,33.8,25.3,36.8,19.0,17.5,13.0,22.5,65.0,51.7,51.5,61.1,5,10,4,9,6.7,0.0,6.7,7.7,0.0,7.7,6.7,0.0,13.3,7.7,0.0,7.7,0.0,0.0,0.0,0.0,0.0,0.0
Escocia_1 Premiership,Dundee United,33,40,37,31.6,30.3,21.1,28.9,27.8,14.1,13.5,8.9,88.0,46.4,63.8,30.7,5,8,6,9,7.7,0.0,15.4,13.3,0.0,6.7,0.0,13.3,7.7,6.7,0.0,0.0,0.0,0.0,7.7,0.0,0.0,0.0
Escocia_1 Premiership,Falkirk,47,33,40,24.4,38.6,35.1,37.2,22.7,32.3,19.0,17.3,93.0,83.6,54.0,46.5,7,7,5,9,14.3,14.3,21.4,0.0,0.0,0.0,0.0,0.0,0.0,0.0,14.3,14.3,0.0,0.0,0.0,7.1,0.0,0.0
Escocia_1 Premiership,Hearts,87,53,70,39.5,19.8,14.0,33.5,26.7,12.0,9.9,29.3,67.5,60.6,70.7,87.4,13,2,8,6,6.7,7.1,13.3,28.6,20.0,14.3,13.3,0.0,13.3,7.1,6.7,0.0,0.0,0.0,0.0,0.0,13.3,0.0
Escocia_1 Premiership,Hibernian,53,53,53,29.5,19.6,32.0,45.0,18.5,12.3,23.9,35.1,62.6,62.6,74.7,77.9,8,5,8,6,15.4,14.3,7.7,7.1,7.7,28.6,15.4,7.1,7.7,0.0,7.7,0.0,0.0,0.0,0.0,0.0,0.0,0.0
Escocia_1 Premiership,Kilmarnock,40,33,37,25.0,25.0,26.1,25.6,10.1,9.5,19.7,23.8,40.3,37.9,75.3,92.8,6,8,4,10,0.0,0.0,14.3,14.3,14.3,7.1,14.3,7.1,0.0,0.0,0.0,0.0,0.0,0.0,0.0,0.0,0.0,0.0
Escocia_1 Premiership,Livingston,47,7,27,27.0,34.0,25.6,24.8,18.4,,26.5,20.7,68.1,,103.6,83.7,7,8,1,12,6.7,0.0,13.3,0.0,13.3,0.0,0.0,7.7,6.7,0.0,6.7,0.0,0.0,0.0,0.0,0.0,0.0,0.0
Escocia_1 Premiership,Motherwell,73,47,60,38.0,24.7,13.0,42.8,25.8,15.6,6.6,19.6,67.9,63.1,50.4,45.8,11,3,7,5,0.0,8.3,21.4,16.7,21.4,8.3,14.3,16.7,7.1,0.0,0.0,8.3,0.0,0.0,0.0,0.0,14.3,0.0
Escocia_1 Premiership,Rangers,73,60,67,26.2,20.6,29.3,22.8,20.6,12.9,18.9,11.7,78.6,62.6,64.5,51.3,10,3,9,5,23.1,21.4,15.4,7.1,7.7,14.3,15.4,14.3,7.7,7.1,0.0,0.0,7.7,0.0,0.0,0.0,0.0,0.0
Escocia_1 Premiership,St. Mirren,40,47,43,46.0,39.6,52.5,44.4,27.7,22.1,35.9,23.6,60.3,55.9,68.5,53.3,6,6,7,8,0.0,6.7,8.3,6.7,8.3,6.7,16.7,0.0,0.0,6.7,0.0,6.7,0.0,13.3,8.3,0.0,8.3,0.0
Espanha_1 La Liga,Athletic Club Bilbao,57,29,43,44.0,34.3,42.2,34.8,25.3,28.9,29.4,26.3,57.5,84.2,69.8,75.6,8,6,3,10,7.1,7.7,0.0,0.0,14.3,0.0,14.3,7.7,0.0,0.0,0.0,7.7,14.3,0.0,0.0,0.0,7.1,0.0
Espanha_1 La Liga,Atlético Madrid,87,77,82,23.6,39.0,17.0,62.5,21.9,35.1,15.6,31.8,92.6,90.0,91.5,50.9,13,2,10,2,26.7,25.0,33.3,16.7,6.7,0.0,0.0,8.3,6.7,8.3,0.0,0.0,13.3,0.0,0.0,8.3,0.0,16.7
Espanha_1 La Liga,CA Osasuna,62,20,39,29.1,38.3,28.2,50.9,21.8,11.4,9.3,17.8,75.0,29.7,32.8,35.1,8,5,3,10,15.4,0.0,15.4,0.0,0.0,7.7,15.4,7.7,7.7,0.0,0.0,7.7,0.0,0.0,7.7,0.0,0.0,0.0
Espanha_1 La Liga,Celta de Vigo,36,64,50,45.2,43.4,33.9,23.3,24.5,22.8,26.8,10.1,54.2,52.6,79.0,43.4,5,9,9,3,0.0,8.3,7.1,0.0,0.0,8.3,14.3,25.0,7.1,8.3,0.0,16.7,0.0,0.0,0.0,0.0,7.1,8.3
Espanha_1 La Liga,Deportivo Alavés,50,21,36,30.6,20.3,34.2,48.8,27.7,31.8,23.2,27.5,90.5,156.2,67.9,56.2,7,6,3,11,23.1,14.3,0.0,0.0,0.0,0.0,15.4,0.0,7.7,0.0,0.0,7.1,0.0,0.0,7.7,0.0,0.0,0.0
Espanha_1 La Liga,Elche CF,57,14,36,30.4,43.0,10.2,33.1,20.8,45.3,7.2,23.7,68.5,105.2,70.1,71.7,8,4,2,12,16.7,0.0,16.7,7.1,0.0,0.0,8.3,0.0,8.3,0.0,16.7,0.0,0.0,0.0,0.0,7.1,0.0,0.0
Espanha_1 La Liga,FC Barcelona,79,71,75,23.8,36.0,17.0,20.2,21.0,31.8,15.1,10.8,88.2,88.2,88.8,53.7,11,3,8,6,28.6,21.4,14.3,7.1,21.4,0.0,0.0,7.1,0.0,0.0,7.1,7.1,7.1,7.1,0.0,0.0,0.0,7.1
Espanha_1 La Liga,Getafe CF,43,50,46,51.5,44.4,60.7,25.6,15.8,20.7,23.3,16.7,30.6,46.7,38.4,65.4,6,7,7,7,0.0,0.0,0.0,7.1,7.7,7.1,0.0,7.1,15.4,7.1,7.7,14.3,7.7,0.0,7.7,7.1,0.0,0.0
Espanha_1 La Liga,Girona FC,43,43,43,27.0,19.3,37.1,37.0,16.8,16.2,18.2,27.5,62.2,83.9,49.0,74.2,6,7,6,8,7.7,14.3,15.4,14.3,0.0,7.1,7.7,0.0,15.4,7.1,0.0,0.0,0.0,0.0,0.0,0.0,0.0,0.0
Espanha_1 La Liga,Levante UD,29,43,36,38.8,34.8,34.9,34.6,38.6,10.2,22.3,25.6,99.6,29.2,63.9,74.0,4,9,6,8,7.7,0.0,7.7,0.0,0.0,21.4,0.0,0.0,7.7,21.4,0.0,0.0,0.0,0.0,0.0,0.0,7.7,0.0
Espanha_1 La Liga,RCD Espanyol,57,57,57,33.7,40.1,39.3,23.0,16.5,30.5,25.3,13.8,48.9,76.0,64.5,59.9,7,7,8,5,0.0,23.1,21.4,0.0,0.0,0.0,7.1,7.7,14.3,0.0,7.1,15.4,0.0,7.7,0.0,0.0,0.0,7.7
Espanha_1 La Liga,RCD Mallorca,43,21,32,24.8,25.3,32.6,25.0,22.1,8.7,21.5,24.9,88.9,34.5,66.0,99.7,6,8,3,10,14.3,0.0,7.1,7.7,7.1,7.7,7.1,7.7,0.0,0.0,0.0,0.0,7.1,0.0,0.0,0.0,0.0,0.0
Espanha_1 La Liga,Rayo Vallecano,50,21,36,42.4,38.0,49.2,24.7,25.6,39.9,22.3,18.2,60.4,105.1,45.3,73.9,7,5,3,10,8.3,0.0,0.0,15.4,0.0,0.0,25.0,0.0,16.7,0.0,0.0,0.0,0.0,0.0,0.0,0.0,8.3,7.7
Espanha_1 La Liga,Real Betis,64,43,54,18.1,40.0,21.4,25.1,15.3,21.8,23.1,22.5,84.3,54.4,108.0,89.4,9,5,6,7,21.4,0.0,35.7,7.7,0.0,15.4,0.0,0.0,0.0,7.7,7.1,7.7,0.0,0.0,0.0,7.7,0.0,0.0
Espanha_1 La Liga,Real Madrid,79,64,71,30.5,34.6,36.7,37.5,16.9,25.3,17.6,16.8,55.3,73.3,48.0,44.9,11,3,9,4,7.1,7.7,21.4,15.4,14.3,15.4,14.3,7.7,7.1,7.7,14.3,0.0,0.0,7.7,0.0,7.7,0.0,0.0
Espanha_1 La Liga,Real Oviedo,43,36,39,45.2,38.4,57.8,25.8,19.1,18.5,29.8,19.0,42.3,48.2,51.6,73.8,6,4,5,9,0.0,7.1,0.0,0.0,20.0,0.0,20.0,14.3,0.0,7.1,0.0,7.1,10.0,0.0,10.0,0.0,0.0,0.0
Espanha_1 La Liga,Real Sociedad,57,33,45,29.8,37.2,39.5,28.9,10.8,5.4,27.9,22.3,36.3,14.6,70.7,77.0,8,6,5,10,0.0,0.0,14.3,0.0,14.3,0.0,21.4,26.7,7.1,6.7,0.0,0.0,0.0,0.0,0.0,0.0,0.0,0.0
Espanha_1 La Liga,Sevilla FC,50,36,43,23.9,49.8,37.6,30.0,17.2,30.1,29.2,18.1,72.1,60.5,77.6,60.2,7,7,5,9,7.1,7.1,21.4,0.0,7.1,7.1,0.0,0.0,7.1,0.0,7.1,7.1,0.0,7.1,0.0,0.0,0.0,7.1
Espanha_1 La Liga,Valencia CF,50,43,46,46.4,42.0,49.0,24.0,29.9,30.4,27.2,9.6,64.4,72.3,55.6,40.0,7,7,5,8,7.1,0.0,7.1,15.4,7.1,7.7,0.0,0.0,0.0,0.0,7.1,0.0,7.1,7.7,14.3,0.0,0.0,7.7
Espanha_1 La Liga,Villarreal,73,64,69,32.5,33.8,34.2,37.0,22.0,18.5,18.2,16.7,67.7,54.9,53.1,45.1,11,4,8,6,20.0,7.1,0.0,14.3,13.3,0.0,13.3,7.1,20.0,14.3,0.0,14.3,0.0,0.0,6.7,0.0,0.0,0.0
Espanha_2 Segunda Division,Albacete Balompié,60,33,47,43.3,34.8,18.0,27.3,19.4,44.5,16.8,20.2,44.7,127.9,93.5,73.9,9,5,5,6,7.1,27.3,7.1,0.0,0.0,0.0,7.1,0.0,14.3,0.0,28.6,0.0,0.0,0.0,0.0,0.0,0.0,18.2
Espanha_2 Segunda Division,Almería,73,56,65,21.6,30.1,21.3,41.1,17.5,23.0,19.1,32.4,81.1,76.5,89.7,78.7,11,3,8,8,21.4,6.2,28.6,12.5,14.3,12.5,0.0,6.2,7.1,0.0,7.1,6.2,0.0,6.2,0.0,0.0,0.0,0.0
Espanha_2 Segunda Division,Burgos CF,47,27,37,46.7,52.0,42.8,25.9,28.7,28.7,29.8,15.5,61.5,55.3,69.7,60.1,7,6,4,8,7.7,0.0,0.0,8.3,7.7,0.0,7.7,8.3,7.7,0.0,0.0,0.0,7.7,8.3,7.7,0.0,7.7,8.3
Espanha_2 Segunda Division,CD Castellón,64,38,50,27.9,20.7,24.6,32.0,24.5,9.6,23.1,27.3,87.9,46.3,94.0,85.4,9,5,6,6,28.6,8.3,0.0,16.7,21.4,8.3,0.0,16.7,0.0,0.0,7.1,0.0,0.0,0.0,7.1,0.0,0.0,0.0
Espanha_2 Segunda Division,Ceuta,67,27,47,22.9,15.5,31.8,23.0,20.5,18.9,17.8,15.7,89.5,122.1,56.0,68.3,10,5,4,9,20.0,15.4,20.0,7.7,13.3,0.0,0.0,0.0,6.7,7.7,0.0,0.0,6.7,0.0,0.0,0.0,0.0,0.0
Espanha_2 Segunda Division,Cultural y Deportiva Leonesa,20,47,33,24.7,24.4,42.9,20.6,14.5,15.0,26.2,19.9,58.8,61.4,61.2,96.3,3,9,7,8,8.3,13.3,0.0,6.7,8.3,0.0,8.3,26.7,0.0,0.0,0.0,0.0,0.0,0.0,0.0,0.0,0.0,0.0
Espanha_2 Segunda Division,Cádiz,60,40,50,34.9,24.8,27.0,37.3,27.1,22.2,30.5,28.4,77.7,89.3,112.9,76.2,9,4,6,7,7.7,15.4,30.8,15.4,0.0,0.0,0.0,0.0,7.7,7.7,0.0,7.7,23.1,0.0,0.0,0.0,0.0,0.0
Espanha_2 Segunda Division,Córdoba,33,60,47,28.2,21.5,30.1,26.2,20.9,24.8,18.2,21.7,74.2,115.1,60.3,82.9,5,9,8,5,14.3,30.8,0.0,15.4,0.0,0.0,7.1,0.0,14.3,0.0,0.0,7.7,0.0,7.7,0.0,0.0,0.0,0.0
Espanha_2 Segunda Division,Deportivo La Coruña,57,63,60,29.1,35.7,34.8,20.8,26.7,28.2,17.5,27.9,91.8,78.9,50.2,134.1,8,5,10,6,15.4,6.2,15.4,18.8,7.7,6.2,15.4,0.0,0.0,12.5,0.0,12.5,0.0,0.0,0.0,0.0,7.7,6.2
Espanha_2 Segunda Division,FC Andorra,43,44,43,43.8,40.3,26.0,25.0,34.4,35.2,26.4,18.6,78.4,87.3,101.4,74.3,6,6,7,9,8.3,18.8,0.0,0.0,16.7,6.2,0.0,0.0,8.3,0.0,0.0,6.2,0.0,0.0,8.3,6.2,8.3,6.2
Espanha_2 Segunda Division,Granada CF,38,43,40,14.0,28.3,45.0,29.3,11.7,19.4,26.9,27.2,83.5,68.3,59.7,92.8,6,6,6,7,25.0,0.0,8.3,15.4,8.3,23.1,8.3,0.0,0.0,0.0,0.0,0.0,0.0,7.7,0.0,0.0,0.0,0.0
Espanha_2 Segunda Division,Leganés,50,31,40,20.0,37.0,40.3,29.0,24.0,12.2,26.7,19.9,119.8,33.0,66.3,68.6,7,6,5,7,30.8,0.0,7.7,0.0,0.0,16.7,0.0,8.3,7.7,16.7,0.0,0.0,7.7,0.0,0.0,0.0,0.0,0.0
Espanha_2 Segunda Division,Mirandés,33,33,33,41.0,25.6,26.7,25.1,30.5,17.1,25.2,15.7,74.4,66.7,94.6,62.5,5,9,5,9,7.1,7.1,0.0,14.3,14.3,0.0,0.0,7.1,0.0,7.1,7.1,0.0,0.0,0.0,0.0,0.0,7.1,0.0
Espanha_2 Segunda Division,Málaga CF,69,50,60,33.4,39.6,28.6,37.4,24.0,26.1,19.0,32.1,72.0,66.1,66.5,85.6,11,5,7,7,6.2,7.1,25.0,7.1,0.0,7.1,18.8,7.1,0.0,7.1,12.5,7.1,0.0,0.0,0.0,0.0,6.2,7.1
Espanha_2 Segunda Division,Racing Santander,73,53,63,30.6,34.6,18.2,29.3,21.7,16.8,19.9,21.6,71.0,48.6,109.4,73.7,10,5,8,7,20.0,0.0,6.7,13.3,13.3,6.7,6.7,20.0,0.0,0.0,6.7,6.7,13.3,6.7,0.0,0.0,0.0,0.0
Espanha_2 Segunda Division,Real Sociedad II,67,40,53,22.6,42.0,19.0,49.9,15.4,28.3,21.3,30.7,68.3,67.3,112.3,61.6,10,4,6,9,21.4,6.7,7.1,6.7,14.3,0.0,21.4,6.7,7.1,6.7,0.0,0.0,0.0,0.0,0.0,13.3,0.0,0.0
Espanha_2 Segunda Division,Real Valladolid,40,33,37,31.0,35.2,36.8,24.6,22.2,18.3,33.4,22.8,71.7,51.9,91.0,92.9,6,8,5,9,7.1,7.1,0.0,0.0,21.4,0.0,0.0,14.3,0.0,7.1,7.1,7.1,7.1,0.0,0.0,0.0,0.0,0.0
Espanha_2 Segunda Division,Real Zaragoza,27,27,27,44.5,13.2,45.7,32.5,31.1,11.7,23.7,20.9,69.9,88.5,52.0,64.3,4,9,4,10,0.0,14.3,7.7,7.1,7.7,7.1,0.0,0.0,0.0,0.0,7.7,0.0,0.0,0.0,7.7,0.0,0.0,0.0
Espanha_2 Segunda Division,SD Eibar,56,29,43,37.8,28.3,13.0,34.8,25.2,23.5,8.8,19.8,66.6,82.9,67.4,57.0,9,4,3,9,7.7,8.3,0.0,0.0,23.1,8.3,15.4,0.0,7.7,0.0,7.7,8.3,0.0,0.0,0.0,0.0,7.7,0.0
Espanha_2 Segunda Division,SD Huesca,50,27,39,35.6,34.8,25.6,32.7,28.0,14.3,15.4,25.4,78.7,41.2,60.1,77.8,8,7,4,10,6.7,0.0,20.0,0.0,0.0,21.4,6.7,0.0,13.3,0.0,0.0,7.1,0.0,0.0,0.0,0.0,6.7,0.0
Espanha_2 Segunda Division,Sporting Gijón,50,43,47,36.5,34.7,31.5,41.2,27.8,30.6,26.1,35.0,76.1,88.2,82.9,84.7,8,6,6,8,7.1,7.1,14.3,7.1,7.1,14.3,0.0,0.0,14.3,7.1,7.1,0.0,0.0,0.0,0.0,0.0,7.1,7.1
Espanha_2 Segunda Division,UD Las Palmas,53,53,53,32.2,30.3,25.4,51.0,26.1,19.7,15.2,17.5,80.8,65.2,59.7,34.4,8,5,7,5,15.4,8.3,7.7,16.7,7.7,8.3,15.4,0.0,7.7,8.3,0.0,16.7,0.0,0.0,0.0,0.0,7.7,0.0
Franca_1 Ligue 1,Angers SCO,46,29,37,37.8,31.5,42.1,34.7,33.5,15.3,21.2,21.1,88.7,48.7,50.2,60.8,6,7,4,9,7.7,0.0,15.4,7.7,7.7,7.7,0.0,7.7,0.0,0.0,0.0,7.7,0.0,0.0,7.7,0.0,7.7,0.0
Franca_1 Ligue 1,Auxerre,23,23,23,45.3,4.3,35.1,41.0,8.6,3.5,24.5,26.7,19.0,81.0,69.6,65.1,3,7,3,9,0.0,25.0,0.0,0.0,0.0,0.0,10.0,0.0,10.0,0.0,10.0,0.0,0.0,0.0,0.0,0.0,0.0,0.0
Franca_1 Ligue 1,Brest,54,46,50,25.1,34.2,20.2,31.9,19.6,23.5,9.1,24.9,77.8,68.8,44.8,78.2,7,4,6,7,27.3,0.0,0.0,15.4,9.1,15.4,9.1,0.0,18.2,0.0,0.0,7.7,0.0,7.7,0.0,0.0,0.0,0.0
Franca_1 Ligue 1,Le Havre,36,25,31,35.2,46.7,28.2,42.9,23.8,22.5,31.6,26.9,67.7,48.2,112.2,62.7,5,6,3,7,0.0,0.0,9.1,0.0,18.2,10.0,0.0,0.0,9.1,10.0,0.0,0.0,0.0,10.0,9.1,0.0,0.0,0.0
Franca_1 Ligue 1,Lens,71,54,63,30.6,29.1,23.8,28.2,24.0,17.2,16.2,33.4,78.4,59.1,68.3,118.6,10,4,7,5,14.3,8.3,21.4,8.3,7.1,16.7,0.0,8.3,14.3,8.3,0.0,8.3,14.3,0.0,0.0,0.0,0.0,0.0
Franca_1 Ligue 1,Lille,46,54,50,55.2,30.1,38.9,28.0,34.5,31.6,22.2,9.1,62.6,104.7,57.2,32.5,6,7,7,5,7.7,25.0,0.0,8.3,7.7,0.0,0.0,0.0,7.7,16.7,0.0,0.0,7.7,0.0,0.0,0.0,15.4,8.3
Franca_1 Ligue 1,Lorient,69,31,50,28.9,34.5,27.4,30.0,17.0,28.5,20.9,22.6,59.0,82.5,76.3,75.2,8,5,4,8,15.4,8.3,7.7,0.0,0.0,8.3,23.1,0.0,15.4,8.3,0.0,0.0,0.0,8.3,0.0,0.0,0.0,0.0
Franca_1 Ligue 1,Metz,15,31,23,50.5,36.5,35.0,19.2,51.6,31.0,28.7,15.4,102.2,85.0,81.9,80.0,2,9,4,9,0.0,0.0,9.1,7.7,0.0,15.4,0.0,0.0,0.0,0.0,0.0,0.0,0.0,0.0,0.0,0.0,9.1,7.7
Franca_1 Ligue 1,Monaco,57,33,46,30.4,38.0,37.0,44.0,22.8,28.2,20.6,35.2,75.0,74.2,55.6,79.9,8,6,4,6,14.3,10.0,7.1,0.0,7.1,10.0,14.3,0.0,0.0,10.0,7.1,0.0,7.1,0.0,0.0,10.0,0.0,0.0
Franca_1 Ligue 1,Nantes,31,33,32,5.5,12.3,33.7,50.4,3.5,16.2,25.6,26.7,64.3,131.3,75.8,52.9,2,11,3,8,15.4,18.2,0.0,0.0,0.0,0.0,0.0,9.1,0.0,0.0,0.0,0.0,0.0,0.0,0.0,0.0,0.0,0.0
Franca_1 Ligue 1,Nice,46,54,50,24.2,32.5,29.0,29.6,21.2,19.0,30.5,31.6,87.8,58.3,105.1,106.8,6,6,6,7,16.7,0.0,8.3,15.4,8.3,7.7,8.3,15.4,0.0,0.0,8.3,0.0,0.0,7.7,0.0,0.0,0.0,0.0
Franca_1 Ligue 1,Olympique Lyonnais,75,64,69,47.6,19.4,38.0,27.0,19.7,15.6,21.7,19.1,41.5,80.5,57.0,70.7,9,3,8,3,0.0,18.2,0.0,27.3,16.7,9.1,8.3,9.1,16.7,9.1,16.7,0.0,8.3,0.0,0.0,0.0,8.3,0.0
Franca_1 Ligue 1,Olympique Marseille,69,54,62,29.9,23.4,19.4,43.2,32.0,13.4,11.0,38.5,107.1,57.2,56.8,89.2,8,5,7,6,15.4,0.0,23.1,38.5,7.7,7.7,0.0,0.0,0.0,0.0,0.0,7.7,0.0,0.0,7.7,0.0,7.7,0.0
Franca_1 Ligue 1,PSG,92,77,84,29.7,41.3,27.0,35.7,26.2,23.1,,31.5,88.2,56.0,,88.4,11,1,10,3,16.7,7.7,25.0,0.0,16.7,23.1,8.3,15.4,16.7,7.7,0.0,0.0,0.0,15.4,0.0,7.7,8.3,0.0
Franca_1 Ligue 1,Paris,25,43,35,27.7,31.0,26.0,25.8,3.8,24.0,24.3,15.7,13.7,77.5,93.5,61.0,3,8,6,5,0.0,9.1,0.0,18.2,18.2,0.0,9.1,9.1,0.0,0.0,0.0,9.1,0.0,9.1,0.0,0.0,0.0,0.0
Franca_1 Ligue 1,Rennes,38,77,58,36.2,30.3,21.0,36.0,32.0,23.0,24.4,9.8,88.4,76.1,116.0,27.4,5,7,10,3,8.3,15.4,8.3,15.4,8.3,23.1,8.3,0.0,0.0,15.4,0.0,0.0,0.0,0.0,0.0,0.0,8.3,7.7
Franca_1 Ligue 1,Strasbourg,77,38,58,41.4,35.2,22.0,21.1,27.0,28.9,,22.3,65.2,82.2,,105.4,10,1,5,7,0.0,0.0,27.3,8.3,0.0,25.0,27.3,0.0,18.2,0.0,0.0,0.0,0.0,0.0,0.0,0.0,18.2,8.3
Franca_1 Ligue 1,Toulouse,38,46,42,25.2,35.8,31.2,39.6,23.0,30.1,20.4,26.7,91.2,83.9,65.3,67.4,5,6,6,7,18.2,7.7,9.1,7.7,0.0,15.4,0.0,0.0,9.1,7.7,9.1,0.0,0.0,0.0,0.0,0.0,0.0,7.7
Franca_2 Ligue 2,Amiens SC,21,57,39,16.5,24.9,27.1,28.0,3.5,12.6,25.4,18.4,21.4,50.8,93.6,65.8,2,10,8,5,0.0,7.7,16.7,15.4,0.0,23.1,0.0,7.7,0.0,7.7,0.0,0.0,0.0,0.0,0.0,0.0,0.0,0.0
Franca_2 Ligue 2,Annecy,85,57,70,30.2,22.1,20.0,20.8,17.8,24.0,,17.9,59.1,108.5,,86.2,11,1,8,6,25.0,28.6,8.3,7.1,0.0,7.1,16.7,0.0,33.3,0.0,8.3,7.1,0.0,7.1,0.0,0.0,0.0,0.0
Franca_2 Ligue 2,Bastia,38,29,33,42.4,36.7,14.2,37.9,25.0,22.5,16.4,33.0,59.0,61.4,115.4,87.0,5,5,3,8,0.0,0.0,10.0,9.1,10.0,9.1,10.0,0.0,10.0,0.0,0.0,0.0,0.0,9.1,0.0,0.0,10.0,0.0
Franca_2 Ligue 2,Boulogne,21,43,32,50.3,42.2,23.2,33.6,36.8,22.6,23.4,31.4,73.1,53.7,101.0,93.5,3,10,6,7,7.7,7.7,0.0,0.0,0.0,7.7,0.0,0.0,0.0,15.4,7.7,0.0,0.0,15.4,0.0,0.0,7.7,0.0
Franca_2 Ligue 2,Clermont,29,36,32,21.8,43.6,46.8,30.2,15.5,20.4,24.3,28.1,71.4,46.7,51.9,93.0,4,9,5,8,7.7,7.7,7.7,0.0,7.7,0.0,0.0,0.0,7.7,7.7,0.0,23.1,0.0,0.0,0.0,0.0,0.0,0.0
Franca_2 Ligue 2,Dunkerque,71,38,56,27.9,20.4,45.7,22.1,26.5,14.0,31.5,17.3,95.2,68.5,69.0,78.2,10,3,5,7,38.5,16.7,7.7,0.0,0.0,16.7,7.7,8.3,0.0,0.0,15.4,0.0,0.0,0.0,7.7,0.0,0.0,0.0
Franca_2 Ligue 2,Grenoble Foot 38,36,36,36,26.8,26.2,48.5,46.8,20.8,21.7,14.5,21.8,77.7,82.9,29.8,46.6,5,4,5,8,11.1,7.7,11.1,15.4,11.1,0.0,0.0,7.7,22.2,0.0,0.0,7.7,0.0,0.0,0.0,0.0,0.0,0.0
Franca_2 Ligue 2,Guingamp,57,46,52,27.3,21.8,25.8,26.6,20.2,22.6,19.9,12.1,74.2,103.7,77.1,45.3,7,6,6,5,7.7,18.2,15.4,18.2,15.4,9.1,7.7,0.0,0.0,0.0,0.0,0.0,7.7,9.1,0.0,0.0,0.0,0.0
Franca_2 Ligue 2,Laval,36,36,36,26.4,35.6,42.0,33.9,10.5,20.5,25.8,28.5,39.8,57.5,61.3,84.1,5,8,5,7,0.0,0.0,15.4,16.7,7.7,0.0,15.4,8.3,0.0,0.0,0.0,16.7,0.0,0.0,0.0,0.0,0.0,0.0
Franca_2 Ligue 2,Le Mans,64,50,57,54.8,18.7,57.0,33.3,26.1,10.4,2.6,32.0,47.7,55.6,4.6,95.9,9,3,7,6,0.0,15.4,8.3,15.4,8.3,15.4,8.3,7.7,16.7,0.0,0.0,0.0,16.7,0.0,0.0,0.0,16.7,0.0
Franca_2 Ligue 2,Montpellier,29,50,39,52.5,37.4,15.2,46.0,32.1,29.3,12.4,27.3,61.2,78.4,81.2,59.3,4,9,7,6,7.7,15.4,0.0,0.0,0.0,15.4,0.0,0.0,0.0,0.0,15.4,7.7,0.0,7.7,0.0,0.0,7.7,7.7
Franca_2 Ligue 2,Nancy,43,21,32,18.3,27.0,35.6,30.1,9.9,22.7,28.6,20.0,53.7,84.1,80.5,66.5,6,7,3,8,7.7,0.0,23.1,18.2,7.7,0.0,7.7,0.0,0.0,0.0,0.0,9.1,0.0,0.0,0.0,0.0,0.0,0.0
Franca_2 Ligue 2,Pau,60,54,57,20.1,26.7,19.2,20.2,18.7,17.9,27.8,16.2,92.7,67.2,144.5,80.4,9,5,7,6,28.6,7.7,14.3,15.4,0.0,7.7,7.1,7.7,7.1,7.7,7.1,7.7,0.0,0.0,0.0,0.0,0.0,0.0
Franca_2 Ligue 2,Red Star,62,57,59,26.0,38.8,40.3,38.8,23.1,35.5,16.9,21.3,88.9,91.7,41.8,54.9,8,3,8,5,18.2,15.4,9.1,7.7,18.2,15.4,18.2,0.0,0.0,0.0,0.0,0.0,0.0,7.7,9.1,7.7,0.0,7.7
Franca_2 Ligue 2,Reims,62,21,41,31.2,66.0,7.5,23.1,24.1,25.5,2.1,12.1,77.2,38.6,28.3,52.2,8,2,2,9,20.0,0.0,20.0,0.0,10.0,0.0,0.0,0.0,10.0,9.1,0.0,0.0,20.0,0.0,0.0,0.0,0.0,9.1
Franca_2 Ligue 2,Rodez,71,36,54,42.4,27.0,43.8,29.9,28.2,24.9,21.5,20.7,66.4,92.1,49.2,69.2,9,4,5,8,7.7,15.4,7.7,7.7,23.1,0.0,7.7,0.0,0.0,7.7,0.0,7.7,0.0,0.0,15.4,0.0,7.7,0.0
Franca_2 Ligue 2,Saint-Étienne,85,50,67,35.4,29.7,19.2,35.0,25.9,36.1,8.7,32.1,73.1,121.7,45.0,91.9,9,4,6,6,15.4,25.0,0.0,8.3,23.1,0.0,7.7,0.0,0.0,0.0,7.7,0.0,7.7,0.0,7.7,16.7,0.0,0.0
Franca_2 Ligue 2,Troyes,57,23,41,26.2,36.3,24.3,40.1,17.6,23.8,17.3,22.9,67.0,65.4,71.1,57.1,8,6,3,7,14.3,10.0,14.3,0.0,0.0,0.0,14.3,0.0,7.1,10.0,7.1,10.0,0.0,0.0,0.0,0.0,0.0,0.0
Grecia_1 Super League,AEK Athens,83,62,72,38.6,42.6,23.5,23.5,30.7,24.5,30.4,11.0,79.4,57.4,129.4,46.7,10,2,8,4,16.7,8.3,16.7,8.3,8.3,8.3,8.3,8.3,0.0,0.0,16.7,16.7,0.0,8.3,8.3,8.3,8.3,0.0
Grecia_1 Super League,Aris,42,38,40,40.8,44.4,25.3,28.9,14.8,35.4,34.4,25.9,36.2,79.7,136.0,89.7,5,3,5,7,0.0,8.3,0.0,0.0,25.0,16.7,0.0,0.0,25.0,0.0,0.0,0.0,12.5,0.0,0.0,8.3,0.0,8.3
Grecia_1 Super League,Asteras Tripolis,58,15,36,25.2,28.5,30.5,37.1,20.5,16.3,17.3,24.8,81.3,57.1,56.7,67.0,6,6,2,9,16.7,0.0,8.3,9.1,8.3,0.0,8.3,9.1,0.0,0.0,0.0,0.0,8.3,0.0,0.0,0.0,0.0,0.0
Grecia_1 Super League,Atromitos,54,42,48,26.3,32.2,28.8,38.2,8.8,26.8,15.2,23.7,33.3,83.4,52.7,62.2,7,5,5,5,0.0,10.0,25.0,10.0,16.7,10.0,8.3,0.0,8.3,10.0,0.0,0.0,0.0,0.0,0.0,10.0,0.0,0.0
Grecia_1 Super League,Kifisia,46,58,52,15.3,34.6,48.0,34.8,6.1,13.1,30.0,13.9,39.7,37.9,62.6,40.0,6,6,7,5,8.3,0.0,33.3,16.7,8.3,8.3,0.0,16.7,0.0,8.3,0.0,8.3,0.0,0.0,0.0,0.0,0.0,0.0
Grecia_1 Super League,Larissa,38,33,36,34.0,44.2,17.5,25.2,21.4,8.1,19.8,15.7,62.9,18.4,113.0,62.1,4,8,4,8,8.3,0.0,0.0,0.0,0.0,0.0,8.3,16.7,16.7,8.3,0.0,8.3,0.0,0.0,0.0,0.0,0.0,0.0
Grecia_1 Super League,Levadiakos,58,31,44,18.3,21.2,33.2,16.3,17.3,24.5,26.4,13.5,94.8,115.4,79.5,82.9,7,4,4,9,36.4,15.4,9.1,7.7,0.0,0.0,0.0,0.0,18.2,0.0,0.0,7.7,0.0,0.0,0.0,0.0,0.0,0.0
Grecia_1 Super League,OFI,46,58,52,19.8,28.3,31.0,16.4,12.5,26.9,25.3,12.7,63.1,95.2,81.7,77.6,6,7,7,5,7.7,25.0,23.1,8.3,7.7,0.0,7.7,0.0,0.0,8.3,0.0,8.3,0.0,8.3,0.0,0.0,0.0,0.0
Grecia_1 Super League,Olympiakos Piraeus,83,69,76,41.8,37.1,7.0,53.5,20.2,27.4,,7.8,48.4,73.9,,14.5,10,1,9,2,0.0,18.2,9.1,0.0,9.1,18.2,36.4,18.2,27.3,0.0,0.0,9.1,0.0,9.1,0.0,9.1,9.1,0.0
Grecia_1 Super League,PAOK,77,50,64,31.6,21.7,22.0,13.5,22.5,15.6,,6.0,71.2,71.9,,44.6,10,1,6,4,27.3,20.0,9.1,10.0,9.1,10.0,9.1,10.0,27.3,10.0,0.0,0.0,0.0,0.0,9.1,0.0,0.0,0.0
Grecia_1 Super League,Panaitolikos,33,23,28,22.3,26.0,36.1,42.6,6.7,34.1,25.8,25.4,29.8,131.1,71.4,59.6,3,9,3,8,0.0,9.1,16.7,9.1,8.3,0.0,0.0,0.0,0.0,0.0,0.0,0.0,0.0,9.1,0.0,0.0,0.0,0.0
Grecia_1 Super League,Panathinaikos,77,42,60,21.3,18.6,31.0,23.2,20.0,18.3,21.2,12.6,93.7,98.2,68.4,54.5,10,2,5,6,41.7,27.3,8.3,0.0,8.3,0.0,0.0,18.2,25.0,0.0,0.0,0.0,0.0,0.0,0.0,0.0,0.0,0.0
Grecia_1 Super League,Panserraikos,15,8,12,20.0,47.0,36.5,21.4,1.4,,20.5,17.5,7.1,,56.2,81.9,2,10,1,11,0.0,0.0,8.3,0.0,8.3,0.0,0.0,0.0,0.0,8.3,0.0,0.0,0.0,0.0,0.0,0.0,0.0,0.0
Grecia_1 Super League,Volos NFC,50,31,40,26.8,22.0,40.7,34.8,22.2,20.2,27.1,22.7,82.8,91.7,66.7,65.4,6,6,4,9,8.3,7.7,8.3,7.7,16.7,7.7,8.3,0.0,0.0,7.7,0.0,0.0,8.3,0.0,0.0,0.0,0.0,0.0
Holanda_1 Eredivisie,AZ,77,43,59,28.4,47.2,8.3,27.1,24.7,35.5,2.9,24.6,87.0,75.2,34.6,90.7,10,3,6,8,30.8,7.1,7.7,7.1,7.7,7.1,7.7,0.0,0.0,0.0,7.7,0.0,15.4,7.1,0.0,7.1,0.0,7.1
Holanda_1 Eredivisie,Ajax,86,38,63,20.3,19.2,31.0,17.2,11.4,16.9,8.5,20.1,55.9,87.6,27.4,116.4,12,2,4,8,14.3,8.3,42.9,8.3,7.1,8.3,21.4,0.0,0.0,8.3,0.0,0.0,0.0,0.0,0.0,0.0,0.0,0.0
Holanda_1 Eredivisie,Excelsior,57,36,46,26.4,20.8,53.2,30.9,26.1,11.6,24.1,23.9,98.9,55.6,45.4,77.3,8,6,5,8,21.4,7.7,14.3,15.4,7.1,7.7,0.0,7.7,7.1,0.0,0.0,0.0,0.0,0.0,0.0,0.0,7.1,0.0
Holanda_1 Eredivisie,Feyenoord,57,54,56,31.2,24.3,28.0,19.2,27.9,14.4,10.1,14.2,89.2,59.4,35.9,74.0,8,6,7,6,7.1,15.4,21.4,7.7,7.1,23.1,7.1,0.0,7.1,7.7,0.0,0.0,0.0,0.0,0.0,0.0,7.1,0.0
Holanda_1 Eredivisie,Fortuna Sittard,77,21,48,24.3,19.0,12.0,20.8,21.6,17.0,11.4,13.3,88.8,89.5,95.0,64.0,9,4,3,11,30.8,7.1,7.7,7.1,7.7,0.0,0.0,7.1,15.4,0.0,7.7,0.0,0.0,0.0,0.0,0.0,0.0,0.0
Holanda_1 Eredivisie,Go Ahead Eagles,64,46,56,37.2,30.7,23.0,30.6,27.6,30.7,13.8,30.2,74.0,100.1,60.1,98.9,8,6,6,7,7.1,23.1,14.3,0.0,7.1,7.7,0.0,0.0,7.1,0.0,14.3,7.7,0.0,0.0,0.0,7.7,7.1,0.0
Holanda_1 Eredivisie,Groningen,54,50,52,22.4,40.0,27.6,42.0,17.8,24.0,19.2,24.2,79.5,60.0,69.5,57.6,7,5,7,7,25.0,7.1,8.3,7.1,8.3,0.0,8.3,14.3,0.0,0.0,8.3,7.1,0.0,14.3,0.0,0.0,0.0,0.0
Holanda_1 Eredivisie,Heerenveen,50,46,48,29.0,29.2,21.0,38.3,14.5,14.8,18.7,14.9,49.9,50.8,89.0,39.0,7,7,6,7,7.1,0.0,0.0,7.7,21.4,23.1,14.3,7.7,7.1,0.0,0.0,7.7,0.0,0.0,0.0,0.0,0.0,0.0
Holanda_1 Eredivisie,Heracles,36,14,25,22.0,27.0,33.2,21.1,17.3,22.6,29.9,11.6,78.7,83.8,89.9,55.3,5,8,2,12,15.4,0.0,0.0,7.1,15.4,0.0,0.0,0.0,7.7,7.1,0.0,0.0,0.0,0.0,0.0,0.0,0.0,0.0
Holanda_1 Eredivisie,NAC Breda,36,23,30,42.4,38.3,37.2,21.0,27.2,38.9,28.3,15.6,64.3,101.4,76.1,74.3,5,9,3,9,0.0,8.3,7.1,0.0,7.1,0.0,7.1,8.3,7.1,0.0,0.0,0.0,0.0,0.0,0.0,8.3,7.1,0.0
Holanda_1 Eredivisie,NEC,69,43,56,20.8,19.7,14.0,30.0,15.5,12.3,7.9,20.8,74.8,62.4,56.2,69.4,9,4,6,8,23.1,21.4,23.1,7.1,7.7,0.0,7.7,14.3,0.0,0.0,7.7,0.0,0.0,0.0,0.0,0.0,0.0,0.0
Holanda_1 Eredivisie,PEC Zwolle,62,50,56,27.5,19.7,38.2,30.4,26.7,23.0,30.8,23.4,96.9,117.0,80.4,77.0,8,4,6,8,33.3,14.3,0.0,21.4,8.3,0.0,8.3,0.0,8.3,0.0,0.0,0.0,0.0,7.1,0.0,0.0,8.3,0.0
Holanda_1 Eredivisie,PSV,71,69,70,15.2,16.9,18.8,32.0,9.9,11.2,3.9,24.6,64.8,66.4,20.6,76.8,10,4,9,4,35.7,30.8,14.3,7.7,14.3,23.1,7.1,7.7,0.0,0.0,0.0,0.0,0.0,0.0,0.0,0.0,0.0,0.0
Holanda_1 Eredivisie,Sparta Rotterdam,69,43,56,40.8,45.2,35.6,32.5,24.5,34.6,21.3,20.9,60.1,76.6,60.0,64.2,8,5,6,8,7.7,7.1,0.0,7.1,23.1,0.0,7.7,14.3,0.0,0.0,7.7,0.0,7.7,0.0,0.0,7.1,7.7,7.1
Holanda_1 Eredivisie,Telstar,54,43,48,26.0,39.3,23.5,35.0,19.6,30.0,28.2,24.4,75.5,76.3,120.0,69.8,7,6,6,7,15.4,7.7,7.7,7.7,7.7,7.7,7.7,0.0,7.7,0.0,7.7,7.7,0.0,7.7,0.0,7.7,0.0,0.0
Holanda_1 Eredivisie,Twente,50,69,59,33.7,27.9,31.0,40.0,25.1,13.8,23.4,34.4,74.7,49.4,75.6,86.0,6,6,9,4,8.3,0.0,16.7,30.8,0.0,15.4,8.3,0.0,8.3,23.1,0.0,0.0,0.0,0.0,8.3,0.0,0.0,0.0
Holanda_1 Eredivisie,Utrecht,69,29,48,30.9,22.5,32.2,25.3,14.3,16.8,29.7,17.4,46.4,74.8,92.2,68.7,9,4,4,9,7.7,7.7,7.7,7.7,15.4,0.0,15.4,7.7,15.4,7.7,7.7,0.0,0.0,0.0,0.0,0.0,0.0,0.0
Holanda_1 Eredivisie,Volendam,50,8,30,30.3,42.0,30.4,23.2,21.7,,25.4,24.5,71.5,,83.5,105.2,7,7,1,12,14.3,0.0,7.1,0.0,7.1,0.0,0.0,0.0,14.3,7.7,0.0,0.0,7.1,0.0,0.0,0.0,0.0,0.0
Holanda_2 Eerste Divisie,ADO Den Haag,75,69,72,34.2,20.8,15.0,48.0,24.5,18.1,9.5,27.4,71.5,87.0,63.6,57.2,12,3,11,5,13.3,31.2,13.3,6.2,20.0,18.8,6.7,6.2,13.3,0.0,0.0,0.0,6.7,6.2,0.0,0.0,6.7,0.0
Holanda_2 Eerste Divisie,AZ II,25,47,36,14.0,25.0,22.1,13.5,8.4,15.7,14.8,16.8,60.3,62.9,66.9,124.5,4,12,8,8,12.5,12.5,0.0,6.2,12.5,18.8,0.0,0.0,0.0,12.5,0.0,0.0,0.0,0.0,0.0,0.0,0.0,0.0
Holanda_2 Eerste Divisie,Ajax II,29,31,30,29.8,38.6,18.0,24.4,22.1,33.3,22.1,14.4,74.4,86.2,123.0,58.9,4,11,5,10,6.7,6.7,0.0,6.7,0.0,0.0,13.3,6.7,0.0,0.0,6.7,0.0,0.0,6.7,0.0,6.7,0.0,0.0
Holanda_2 Eerste Divisie,Almere City,75,41,58,36.3,22.0,24.0,26.6,23.1,27.9,20.6,16.2,63.6,126.7,85.7,60.8,12,4,6,11,6.2,17.6,25.0,5.9,0.0,5.9,18.8,0.0,0.0,0.0,6.2,0.0,6.2,0.0,12.5,5.9,0.0,0.0
Holanda_2 Eerste Divisie,Cambuur,59,60,59,27.3,30.1,27.9,30.5,27.0,29.3,10.7,16.8,98.9,97.4,38.4,55.0,9,7,9,6,18.8,6.7,18.8,26.7,0.0,13.3,0.0,0.0,6.2,0.0,0.0,0.0,6.2,6.7,6.2,0.0,0.0,6.7
Holanda_2 Eerste Divisie,De Graafschap,56,47,52,18.9,23.7,28.0,26.8,23.4,19.5,33.2,23.3,123.8,82.3,118.5,87.0,9,7,6,8,25.0,21.4,18.8,0.0,6.2,0.0,0.0,7.1,0.0,14.3,0.0,0.0,0.0,0.0,6.2,0.0,0.0,0.0
Holanda_2 Eerste Divisie,Den Bosch,63,38,50,25.5,25.5,36.8,23.0,23.5,27.8,32.2,10.4,92.2,109.1,87.4,45.1,10,6,6,10,18.8,12.5,25.0,6.2,0.0,6.2,0.0,6.2,6.2,0.0,6.2,0.0,0.0,0.0,6.2,6.2,0.0,0.0
Holanda_2 Eerste Divisie,Dordrecht,63,35,48,25.4,25.8,47.0,31.0,20.4,17.1,28.7,24.9,80.1,66.2,61.0,80.2,10,6,6,10,18.8,12.5,12.5,0.0,12.5,6.2,0.0,12.5,12.5,6.2,6.2,0.0,0.0,0.0,0.0,0.0,0.0,0.0
Holanda_2 Eerste Divisie,Eindhoven,60,35,47,31.6,35.5,32.3,27.0,29.8,30.6,31.4,18.0,94.4,86.2,97.0,66.5,9,6,6,10,20.0,6.2,6.7,6.2,6.7,12.5,6.7,0.0,6.7,0.0,0.0,6.2,6.7,0.0,0.0,0.0,6.7,6.2
Holanda_2 Eerste Divisie,Emmen,63,40,52,17.8,31.8,16.8,35.7,11.6,29.7,13.9,28.1,65.0,93.4,82.8,78.9,10,5,6,9,20.0,13.3,20.0,6.7,13.3,0.0,13.3,6.7,0.0,0.0,0.0,6.7,0.0,0.0,0.0,0.0,0.0,6.7
Holanda_2 Eerste Divisie,Helmond Sport,47,31,39,27.0,13.0,24.5,38.5,9.8,15.3,14.1,31.1,36.2,118.0,57.4,80.8,8,8,4,11,6.2,20.0,0.0,0.0,25.0,0.0,18.8,6.7,0.0,0.0,0.0,0.0,0.0,0.0,0.0,0.0,0.0,0.0
Holanda_2 Eerste Divisie,MVV,60,29,44,29.1,32.4,21.0,25.5,30.0,33.5,18.9,27.6,102.9,103.4,89.8,108.2,9,5,5,11,28.6,6.2,0.0,6.2,14.3,12.5,7.1,0.0,0.0,0.0,7.1,0.0,0.0,0.0,0.0,0.0,7.1,6.2
Holanda_2 Eerste Divisie,Oss,47,38,42,18.6,39.0,28.1,23.6,14.6,24.3,22.5,22.4,78.3,62.3,79.9,95.3,8,8,5,9,12.5,7.1,25.0,0.0,0.0,7.1,6.2,0.0,6.2,7.1,0.0,7.1,0.0,7.1,0.0,0.0,0.0,0.0
Holanda_2 Eerste Divisie,PSV II,82,50,67,23.5,21.2,37.0,20.6,17.6,17.9,19.3,16.9,74.8,84.3,52.1,82.1,14,3,8,8,17.6,18.8,23.5,6.2,17.6,6.2,11.8,12.5,0.0,0.0,5.9,6.2,5.9,0.0,0.0,0.0,0.0,0.0
Holanda_2 Eerste Divisie,RKC Waalwijk,75,56,66,16.2,25.6,28.8,34.8,15.4,18.1,21.7,29.3,94.7,70.7,75.4,84.1,12,4,9,6,31.2,6.7,31.2,26.7,0.0,6.7,6.2,13.3,0.0,0.0,6.2,0.0,0.0,6.7,0.0,0.0,0.0,0.0
Holanda_2 Eerste Divisie,Roda JC,41,44,42,38.6,34.4,27.1,19.6,23.6,13.6,14.2,10.9,61.2,39.4,52.5,55.5,7,9,7,8,6.2,0.0,12.5,6.7,0.0,20.0,0.0,6.7,0.0,6.7,18.8,6.7,6.2,0.0,0.0,0.0,0.0,0.0
Holanda_2 Eerste Divisie,Utrecht II,47,25,36,38.0,19.0,10.6,33.8,23.0,22.8,6.5,27.5,60.6,120.2,61.8,81.3,8,7,4,12,6.7,12.5,6.7,6.2,6.7,0.0,0.0,0.0,26.7,0.0,0.0,6.2,0.0,0.0,0.0,0.0,6.7,0.0
Holanda_2 Eerste Divisie,VVV,38,41,39,47.2,37.4,39.8,32.1,26.4,36.3,24.9,16.7,56.1,97.0,62.6,52.1,6,10,7,10,0.0,11.8,0.0,11.8,12.5,0.0,0.0,0.0,12.5,0.0,6.2,5.9,0.0,0.0,0.0,5.9,6.2,5.9
Holanda_2 Eerste Divisie,Vitesse,56,29,42,26.6,24.2,19.8,24.5,12.7,10.2,9.3,18.6,47.8,42.1,47.0,75.9,9,6,5,11,13.3,6.2,0.0,6.2,26.7,6.2,13.3,12.5,6.7,0.0,0.0,0.0,0.0,0.0,0.0,0.0,0.0,0.0
Holanda_2 Eerste Divisie,Willem II,67,69,68,39.9,23.2,42.8,26.2,18.4,15.4,42.4,21.3,46.1,66.5,99.0,81.3,9,6,10,6,0.0,12.5,6.7,6.2,20.0,31.2,6.7,6.2,6.7,0.0,13.3,6.2,0.0,0.0,6.7,0.0,0.0,0.0
Hungria_1 NB I,Debrecen,62,62,62,38.0,40.7,35.4,30.0,20.6,28.2,20.8,13.9,54.3,69.4,58.7,46.4,8,5,7,5,7.7,8.3,15.4,8.3,0.0,8.3,0.0,8.3,23.1,8.3,15.4,0.0,0.0,0.0,0.0,8.3,0.0,8.3
Hungria_1 NB I,Diósgyőr,62,62,62,31.8,31.2,30.0,27.6,19.0,23.6,21.0,25.3,59.9,75.6,70.0,91.5,8,4,8,5,8.3,7.7,8.3,15.4,16.7,7.7,16.7,23.1,0.0,0.0,16.7,0.0,0.0,0.0,0.0,0.0,0.0,7.7
Hungria_1 NB I,Ferencváros,50,92,72,22.5,34.7,35.0,11.0,15.8,24.6,26.8,,70.1,71.1,76.7,,6,6,12,1,8.3,7.7,25.0,30.8,0.0,7.7,8.3,7.7,8.3,7.7,0.0,15.4,0.0,0.0,0.0,15.4,0.0,0.0
Hungria_1 NB I,Győri ETO,38,69,54,34.6,28.6,47.7,30.2,32.3,16.6,31.8,22.7,93.3,58.3,66.8,75.2,5,6,9,4,9.1,0.0,9.1,30.8,9.1,15.4,0.0,15.4,9.1,0.0,0.0,0.0,0.0,7.7,0.0,0.0,9.1,0.0
Hungria_1 NB I,Kazincbarcika,23,38,31,13.3,27.6,27.7,43.0,3.2,24.9,20.1,27.6,24.1,90.2,72.7,64.1,3,10,5,8,0.0,7.7,23.1,15.4,0.0,0.0,0.0,0.0,0.0,7.7,0.0,7.7,0.0,0.0,0.0,0.0,0.0,0.0
Hungria_1 NB I,MTK,43,31,37,27.5,15.3,24.6,30.7,25.6,11.9,13.9,17.8,93.0,77.8,56.3,57.9,6,8,3,9,7.1,16.7,21.4,0.0,0.0,8.3,7.1,0.0,0.0,0.0,0.0,0.0,0.0,0.0,7.1,0.0,0.0,0.0
Hungria_1 NB I,Nyíregyháza Spartacus,15,54,35,31.0,26.7,26.0,26.8,14.1,26.0,21.3,32.9,45.6,97.2,81.8,122.9,2,11,7,5,0.0,25.0,0.0,8.3,7.7,0.0,0.0,0.0,7.7,8.3,0.0,16.7,0.0,0.0,0.0,0.0,0.0,0.0
Hungria_1 NB I,Paksi SE,62,64,63,36.3,29.2,39.3,66.3,17.8,14.5,30.7,23.3,49.1,49.8,78.0,35.1,7,6,9,3,7.7,8.3,7.7,16.7,7.7,8.3,0.0,25.0,23.1,16.7,7.7,0.0,0.0,0.0,0.0,0.0,0.0,0.0
Hungria_1 NB I,Puskás,33,62,48,34.7,33.0,29.6,18.0,15.7,28.2,21.3,14.7,45.3,85.6,71.8,81.6,3,8,8,5,0.0,15.4,9.1,15.4,0.0,7.7,9.1,7.7,9.1,0.0,0.0,0.0,0.0,0.0,0.0,15.4,0.0,0.0
Hungria_1 NB I,Várda SE,46,38,42,40.0,35.2,38.5,22.4,32.1,25.4,33.5,12.4,80.3,72.0,87.0,55.5,6,6,5,8,8.3,7.7,16.7,7.7,0.0,7.7,0.0,0.0,0.0,0.0,16.7,7.7,0.0,7.7,0.0,0.0,8.3,0.0
Hungria_1 NB I,Zalaegerszegi TE,54,38,46,32.7,60.4,34.3,39.9,31.1,18.8,25.0,22.4,95.2,31.2,72.9,56.1,7,6,5,8,7.7,0.0,15.4,0.0,15.4,0.0,0.0,7.7,0.0,7.7,7.7,7.7,0.0,0.0,0.0,7.7,7.7,7.7
Hungria_1 NB I,Újpest,50,42,46,21.3,37.0,43.7,21.2,21.9,32.2,25.4,18.4,102.4,87.0,58.1,86.8,6,7,5,6,15.4,9.1,15.4,9.1,7.7,9.1,0.0,0.0,0.0,9.1,0.0,0.0,7.7,0.0,0.0,0.0,0.0,9.1
Inglaterra_1 Premier League,AFC Bournemouth,38,47,42,25.0,16.6,37.9,24.0,22.3,13.1,30.6,13.9,89.1,78.9,80.9,58.0,6,7,7,6,15.4,30.8,7.7,0.0,15.4,7.7,0.0,15.4,0.0,0.0,0.0,0.0,7.7,0.0,0.0,0.0,0.0,0.0
Inglaterra_1 Premier League,Arsenal,87,63,74,38.7,27.3,9.0,41.2,21.3,20.4,,24.0,55.2,74.5,,58.2,13,1,9,6,0.0,13.3,14.3,13.3,14.3,13.3,35.7,6.7,14.3,0.0,0.0,6.7,7.1,6.7,0.0,0.0,7.1,0.0
Inglaterra_1 Premier League,Aston Villa,53,20,37,39.3,36.0,32.0,28.0,25.4,26.9,21.7,23.1,64.6,74.7,67.9,82.4,9,5,3,10,7.1,0.0,7.1,7.7,14.3,7.7,7.1,0.0,14.3,0.0,0.0,0.0,7.1,7.7,0.0,0.0,7.1,0.0
Inglaterra_1 Premier League,Brentford,60,53,57,30.0,37.2,27.8,20.2,28.0,24.5,20.7,9.8,93.2,65.8,74.4,48.7,9,5,8,6,21.4,7.1,7.1,14.3,14.3,7.1,7.1,0.0,0.0,14.3,0.0,0.0,7.1,7.1,0.0,7.1,7.1,0.0
Inglaterra_1 Premier League,Brighton & Hove Albion,53,27,40,29.0,40.5,39.7,26.2,25.2,14.2,23.3,23.5,86.9,35.0,58.7,89.6,8,6,4,10,21.4,0.0,7.1,0.0,7.1,14.3,0.0,0.0,7.1,7.1,7.1,7.1,0.0,0.0,7.1,0.0,0.0,0.0
Inglaterra_1 Premier League,Burnley,27,20,23,26.0,24.5,26.3,29.7,18.4,14.8,28.7,22.7,70.6,60.6,109.0,76.3,3,10,2,13,0.0,0.0,15.4,6.7,0.0,0.0,0.0,6.7,7.7,0.0,0.0,0.0,0.0,0.0,0.0,0.0,0.0,0.0
Inglaterra_1 Premier League,Chelsea,73,40,57,27.9,33.4,10.3,20.6,17.7,13.0,6.7,19.2,63.3,38.8,64.4,93.3,11,3,5,9,14.3,0.0,7.1,7.1,28.6,0.0,7.1,21.4,7.1,7.1,14.3,0.0,0.0,0.0,0.0,0.0,0.0,0.0
Inglaterra_1 Premier League,Crystal Palace,53,60,57,36.9,35.2,31.0,37.4,26.0,19.2,16.4,23.4,70.5,54.6,52.9,62.6,7,4,9,5,9.1,7.1,9.1,7.1,9.1,14.3,27.3,14.3,0.0,7.1,0.0,0.0,0.0,14.3,0.0,0.0,9.1,0.0
Inglaterra_1 Premier League,Everton,47,47,47,26.1,32.3,27.7,50.4,16.1,26.2,22.5,33.5,61.5,81.0,81.1,66.4,7,7,7,7,7.1,7.1,14.3,21.4,7.1,7.1,7.1,0.0,14.3,0.0,0.0,7.1,0.0,0.0,0.0,7.1,0.0,0.0
Inglaterra_1 Premier League,Fulham,53,40,47,41.8,37.5,38.0,43.6,34.3,36.6,21.3,24.4,82.1,97.7,56.0,56.0,8,7,6,8,13.3,21.4,13.3,0.0,0.0,0.0,0.0,0.0,6.7,0.0,6.7,7.1,0.0,7.1,0.0,0.0,13.3,7.1
Inglaterra_1 Premier League,Leeds United,53,27,40,39.8,26.0,40.2,32.0,35.4,8.8,18.3,30.7,89.0,34.0,45.5,96.0,8,6,4,9,21.4,0.0,0.0,7.7,7.1,7.7,7.1,15.4,0.0,0.0,0.0,0.0,7.1,0.0,0.0,0.0,14.3,0.0
Inglaterra_1 Premier League,Liverpool,67,47,57,35.7,64.6,34.5,25.4,27.9,23.2,26.6,24.7,78.1,36.0,77.0,97.2,10,4,7,7,21.4,0.0,7.1,0.0,0.0,0.0,7.1,7.1,21.4,7.1,0.0,14.3,0.0,7.1,7.1,0.0,7.1,14.3
Inglaterra_1 Premier League,Manchester City,93,67,80,23.5,28.1,35.0,55.2,16.2,15.4,,24.6,69.1,54.9,,44.6,14,1,10,4,20.0,14.3,26.7,14.3,13.3,0.0,13.3,21.4,13.3,21.4,6.7,0.0,0.0,0.0,0.0,0.0,0.0,0.0
Inglaterra_1 Premier League,Manchester United,80,44,61,30.8,40.4,15.3,34.7,18.7,24.1,12.7,18.9,60.5,59.7,82.6,54.4,12,3,7,9,6.7,6.2,20.0,0.0,26.7,6.2,6.7,12.5,0.0,0.0,13.3,6.2,6.7,6.2,0.0,6.2,0.0,0.0
Inglaterra_1 Premier League,Newcastle United,67,53,60,41.3,19.7,26.2,31.2,22.7,18.9,8.5,14.9,55.0,96.0,32.2,47.6,11,4,7,4,6.7,27.3,6.7,9.1,13.3,9.1,13.3,9.1,0.0,9.1,13.3,0.0,6.7,0.0,13.3,0.0,0.0,0.0
Inglaterra_1 Premier League,Nottingham Forest,20,27,23,12.7,29.8,47.6,29.6,13.3,31.0,27.5,17.8,104.8,104.2,57.9,60.2,3,9,4,11,16.7,6.7,0.0,6.7,8.3,0.0,0.0,6.7,0.0,0.0,0.0,0.0,0.0,0.0,0.0,6.7,0.0,0.0
Inglaterra_1 Premier League,Sunderland,40,27,33,32.7,48.2,46.1,32.2,19.2,24.8,25.6,24.3,58.9,51.4,55.4,75.4,6,8,4,9,7.1,0.0,7.1,7.7,7.1,0.0,7.1,7.7,7.1,0.0,0.0,0.0,7.1,15.4,0.0,0.0,0.0,0.0
Inglaterra_1 Premier League,Tottenham Hotspur,33,53,43,20.8,29.9,29.3,29.4,12.7,14.8,19.9,22.1,60.9,49.6,67.9,75.2,5,10,7,7,13.3,7.1,0.0,7.1,13.3,7.1,6.7,14.3,0.0,14.3,0.0,0.0,0.0,0.0,0.0,0.0,0.0,0.0
Inglaterra_1 Premier League,West Ham United,40,47,43,15.7,38.3,42.8,24.0,17.5,33.9,23.4,24.8,111.6,88.7,54.7,103.5,6,8,7,8,21.4,6.7,14.3,20.0,0.0,0.0,0.0,0.0,7.1,0.0,0.0,0.0,0.0,6.7,0.0,6.7,0.0,6.7
Inglaterra_1 Premier League,Wolverhampton Wanderers,31,7,19,34.4,54.0,32.9,34.5,33.2,,25.0,27.4,96.5,,75.9,79.3,5,10,1,13,13.3,0.0,0.0,0.0,6.7,0.0,0.0,0.0,0.0,0.0,0.0,7.1,6.7,0.0,6.7,0.0,0.0,0.0
Inglaterra_2 Championship,Birmingham City,79,21,50,28.5,36.0,17.0,23.9,25.1,33.4,8.7,19.5,88.0,92.8,51.3,81.4,15,3,4,15,33.3,5.3,0.0,0.0,16.7,5.3,11.1,5.3,11.1,0.0,5.6,0.0,0.0,0.0,0.0,0.0,5.6,5.3
Inglaterra_2 Championship,Blackburn Rovers,42,42,42,38.8,32.9,44.5,36.0,33.5,14.8,26.2,23.7,86.5,44.9,58.9,65.7,8,11,9,8,10.5,0.0,5.3,17.6,5.3,5.9,5.3,5.9,5.3,23.5,0.0,0.0,0.0,0.0,5.3,0.0,5.3,0.0
Inglaterra_2 Championship,Bristol City,37,32,34,26.9,23.3,25.2,22.5,20.8,27.0,18.4,21.9,77.3,115.8,72.9,97.3,7,11,6,11,5.6,17.6,16.7,5.9,0.0,0.0,5.6,5.9,5.6,0.0,0.0,0.0,5.6,0.0,0.0,5.9,0.0,0.0
Inglaterra_2 Championship,Charlton Athletic,56,35,45,60.2,45.0,23.9,43.2,27.5,24.9,14.6,25.8,45.7,55.4,61.4,59.7,10,7,7,12,0.0,0.0,5.9,5.3,0.0,5.3,11.8,10.5,11.8,0.0,0.0,10.5,0.0,0.0,11.8,0.0,17.6,5.3
Inglaterra_2 Championship,Coventry City,53,79,66,25.7,29.9,27.7,32.3,21.3,25.3,23.7,22.9,82.8,84.6,85.6,71.0,10,7,15,3,5.9,27.8,29.4,5.6,5.9,16.7,0.0,11.1,5.9,5.6,5.9,5.6,5.9,5.6,0.0,0.0,0.0,5.6
Inglaterra_2 Championship,Derby County,42,63,53,37.5,33.5,26.3,25.6,20.9,27.4,23.3,20.7,55.8,81.9,88.5,80.8,8,11,12,7,5.3,10.5,5.3,15.8,5.3,10.5,5.3,10.5,10.5,0.0,5.3,5.3,5.3,0.0,0.0,0.0,0.0,10.5
Inglaterra_2 Championship,Hull City,53,63,58,22.5,30.8,23.5,33.3,16.7,25.6,21.2,20.0,74.3,83.0,90.1,60.1,10,8,12,6,22.2,11.1,0.0,22.2,22.2,5.6,0.0,11.1,5.6,5.6,5.6,0.0,0.0,0.0,0.0,5.6,0.0,5.6
Inglaterra_2 Championship,Ipswich Town,74,39,57,25.8,43.1,44.8,31.8,25.6,30.9,23.5,22.8,99.4,71.6,52.5,71.8,14,4,7,10,33.3,11.8,11.1,0.0,0.0,0.0,16.7,11.8,5.6,0.0,0.0,0.0,0.0,5.9,5.6,11.8,5.6,0.0
Inglaterra_2 Championship,Leicester City,63,37,50,18.1,21.9,26.0,21.9,13.4,15.4,24.3,23.1,73.8,70.6,93.6,105.6,12,6,7,12,27.8,10.5,16.7,15.8,11.1,0.0,5.6,5.3,5.6,5.3,0.0,0.0,0.0,0.0,0.0,0.0,0.0,0.0
Inglaterra_2 Championship,Middlesbrough,53,47,50,38.0,26.0,18.0,32.1,20.7,16.1,20.8,20.3,54.4,61.8,115.4,63.1,10,6,9,10,6.2,10.5,12.5,15.8,12.5,0.0,0.0,5.3,6.2,15.8,12.5,0.0,12.5,0.0,0.0,0.0,0.0,0.0
Inglaterra_2 Championship,Millwall,55,56,55,30.5,44.7,34.4,25.1,20.9,23.1,20.2,19.7,68.5,51.7,58.6,78.2,11,8,10,7,15.8,0.0,10.5,11.8,5.3,5.9,5.3,11.8,10.5,0.0,5.3,17.6,0.0,5.9,5.3,0.0,0.0,5.9
Inglaterra_2 Championship,Norwich City,47,58,53,41.0,30.0,46.5,23.9,21.7,27.5,27.1,20.4,52.9,91.6,58.2,85.5,9,10,11,8,5.3,15.8,5.3,15.8,5.3,5.3,10.5,0.0,5.3,10.5,0.0,0.0,10.5,5.3,5.3,0.0,0.0,5.3
Inglaterra_2 Championship,Oxford United,42,42,42,26.6,19.5,22.1,32.0,14.5,19.7,19.4,23.0,54.5,101.0,87.7,72.0,8,9,8,8,5.9,18.8,5.9,18.8,23.5,0.0,5.9,0.0,0.0,6.2,5.9,6.2,0.0,0.0,0.0,0.0,0.0,0.0
Inglaterra_2 Championship,Portsmouth,37,44,41,32.1,43.6,38.6,29.2,21.1,28.5,29.3,21.9,65.7,65.4,75.7,75.0,7,11,8,9,5.6,5.9,5.6,5.9,11.1,5.9,0.0,5.9,11.1,5.9,0.0,0.0,5.6,5.9,0.0,5.9,0.0,5.9
Inglaterra_2 Championship,Preston North End,40,47,44,25.2,26.6,36.4,33.6,20.2,20.2,30.8,27.5,79.9,76.0,84.8,81.9,8,11,9,9,10.5,11.1,10.5,5.6,10.5,22.2,5.3,5.6,0.0,0.0,0.0,0.0,5.3,0.0,0.0,5.6,0.0,0.0
Inglaterra_2 Championship,Queens Park Rangers,44,20,32,29.4,37.5,29.2,20.0,25.9,27.8,18.9,12.2,88.2,74.0,64.7,60.8,8,9,4,12,17.6,0.0,5.9,6.2,0.0,6.2,5.9,6.2,11.8,0.0,0.0,0.0,0.0,0.0,5.9,6.2,0.0,0.0
Inglaterra_2 Championship,Sheffield United,61,55,58,33.6,28.0,31.5,38.7,20.0,27.8,30.7,20.0,59.3,99.2,97.6,51.6,11,6,11,9,17.6,15.0,0.0,15.0,5.9,10.0,11.8,0.0,17.6,5.0,11.8,0.0,0.0,5.0,0.0,0.0,0.0,5.0
Inglaterra_2 Championship,Sheffield Wednesday,30,17,24,28.7,18.3,32.5,23.9,24.3,7.1,30.3,20.5,84.8,38.7,93.4,85.6,6,13,3,14,10.5,0.0,0.0,11.8,10.5,5.9,0.0,0.0,0.0,0.0,10.5,0.0,0.0,0.0,0.0,0.0,0.0,0.0
Inglaterra_2 Championship,Southampton,56,55,55,26.4,29.6,35.6,31.3,24.1,20.3,14.5,18.4,91.5,68.4,40.8,58.7,10,5,11,9,26.7,15.0,13.3,10.0,6.7,10.0,0.0,0.0,6.7,5.0,0.0,15.0,13.3,0.0,0.0,0.0,0.0,0.0
Inglaterra_2 Championship,Stoke City,58,45,51,21.8,37.8,40.5,38.2,14.6,29.5,29.4,30.8,66.7,78.1,72.7,80.5,11,6,8,10,17.6,16.7,11.8,0.0,11.8,0.0,17.6,5.6,5.9,5.6,0.0,5.6,0.0,5.6,0.0,5.6,0.0,0.0
Inglaterra_2 Championship,Swansea City,63,26,45,38.0,29.0,25.1,34.9,24.7,23.3,10.1,24.4,64.9,80.2,40.3,69.8,12,7,5,13,5.3,5.6,10.5,5.6,15.8,5.6,10.5,0.0,0.0,5.6,5.3,5.6,5.3,0.0,10.5,0.0,0.0,0.0
Inglaterra_2 Championship,Watford,37,26,32,20.9,34.8,33.6,33.6,24.1,32.6,23.2,28.1,115.5,93.7,69.2,83.6,7,12,5,13,15.8,5.6,15.8,5.6,0.0,5.6,0.0,5.6,0.0,0.0,0.0,0.0,0.0,0.0,5.3,0.0,0.0,5.6
Inglaterra_2 Championship,West Bromwich Albion,53,32,42,29.4,19.4,29.4,42.9,15.2,9.4,31.5,27.9,51.7,48.3,107.2,65.0,10,7,5,13,5.9,5.6,11.8,16.7,17.6,0.0,5.9,5.6,17.6,0.0,0.0,0.0,0.0,0.0,0.0,0.0,0.0,0.0
Inglaterra_2 Championship,Wrexham,60,56,58,30.9,26.3,25.4,24.2,23.2,19.3,17.7,14.6,75.0,73.4,69.9,60.5,12,8,10,6,5.0,12.5,20.0,12.5,15.0,18.8,5.0,6.2,0.0,0.0,5.0,12.5,5.0,0.0,5.0,0.0,0.0,0.0
Inglaterra_3 League One,AFC Wimbledon,50,32,41,29.2,43.0,49.3,27.9,26.1,25.6,34.3,27.8,89.3,59.5,69.6,99.4,9,7,5,14,12.5,0.0,18.8,0.0,6.2,5.3,0.0,15.8,6.2,0.0,0.0,0.0,6.2,0.0,6.2,0.0,0.0,5.3
Inglaterra_3 League One,Barnsley,53,47,50,14.3,26.6,29.3,28.8,13.2,12.5,26.3,29.9,92.3,47.1,89.8,103.8,10,9,8,9,36.8,5.9,5.3,11.8,5.3,11.8,0.0,5.9,5.3,11.8,0.0,0.0,0.0,0.0,0.0,0.0,0.0,0.0
Inglaterra_3 League One,Blackpool,58,26,42,26.1,29.0,20.1,44.6,28.7,20.7,14.7,23.5,109.9,71.5,72.8,52.7,11,8,5,14,21.1,5.3,15.8,0.0,0.0,10.5,5.3,5.3,10.5,0.0,0.0,5.3,0.0,0.0,0.0,0.0,5.3,0.0
Inglaterra_3 League One,Bolton Wanderers,63,32,47,38.2,30.0,22.8,39.0,26.2,27.8,17.4,19.7,68.5,92.5,76.5,50.6,12,4,6,12,12.5,5.6,12.5,11.1,6.2,5.6,6.2,5.6,18.8,0.0,6.2,0.0,6.2,0.0,0.0,0.0,6.2,5.6
Inglaterra_3 League One,Bradford City,74,42,58,34.5,34.0,25.0,18.2,24.2,23.3,11.6,10.0,70.2,68.4,46.3,55.1,14,4,8,9,16.7,5.9,16.7,11.8,0.0,5.9,11.1,5.9,11.1,0.0,11.1,11.8,5.6,5.9,0.0,0.0,5.6,0.0
Inglaterra_3 League One,Burton Albion,47,47,47,25.1,41.2,32.2,25.6,20.1,23.7,23.5,14.5,80.0,57.6,72.8,56.8,9,8,9,9,11.8,5.6,5.9,0.0,23.5,11.1,0.0,5.6,5.9,5.6,0.0,11.1,5.9,5.6,0.0,0.0,0.0,5.6
Inglaterra_3 League One,Cardiff City,53,58,55,25.7,36.5,42.8,38.0,16.7,31.6,27.1,28.1,65.1,86.8,63.4,74.0,10,9,11,7,10.5,11.1,10.5,16.7,10.5,5.6,5.3,5.6,10.5,5.6,5.3,0.0,0.0,5.6,0.0,0.0,0.0,11.1
Inglaterra_3 League One,Doncaster Rovers,78,37,57,33.1,39.7,36.2,33.3,23.9,33.5,15.5,29.7,72.0,84.4,42.7,89.3,14,4,7,10,22.2,5.9,0.0,5.9,11.1,11.8,22.2,0.0,0.0,0.0,16.7,5.9,0.0,5.9,0.0,0.0,5.6,5.9
Inglaterra_3 League One,Exeter City,37,37,37,39.0,44.0,27.5,26.2,24.6,31.8,16.4,25.4,63.1,72.3,59.6,97.0,7,11,7,11,5.6,0.0,5.6,11.1,0.0,5.6,5.6,11.1,16.7,0.0,0.0,0.0,0.0,0.0,5.6,0.0,0.0,11.1
Inglaterra_3 League One,Huddersfield Town,74,37,55,36.2,32.1,38.4,35.7,26.3,26.4,11.3,32.2,72.5,82.3,29.4,90.0,13,5,7,11,16.7,11.1,11.1,0.0,5.6,16.7,5.6,0.0,16.7,0.0,0.0,0.0,5.6,5.6,11.1,5.6,0.0,0.0
Inglaterra_3 League One,Leyton Orient,61,26,43,32.3,25.0,28.6,27.0,22.9,25.4,20.2,24.9,70.8,101.7,70.6,92.3,11,7,4,14,11.1,5.6,11.1,11.1,11.1,0.0,0.0,0.0,16.7,0.0,0.0,0.0,11.1,5.6,0.0,0.0,0.0,0.0
Inglaterra_3 League One,Lincoln City,79,63,71,26.0,21.8,47.2,25.8,16.9,16.2,37.9,21.1,65.0,74.4,80.2,81.6,15,4,12,6,15.8,16.7,21.1,16.7,5.3,16.7,31.6,5.6,0.0,5.6,0.0,5.6,5.3,0.0,0.0,0.0,0.0,0.0
Inglaterra_3 League One,Luton Town,58,37,47,31.3,34.6,28.7,34.5,26.3,25.3,25.3,24.2,84.2,73.2,88.0,70.1,11,7,7,12,16.7,5.3,11.1,5.3,5.6,10.5,16.7,5.3,0.0,0.0,0.0,5.3,0.0,0.0,5.6,5.3,5.6,0.0
Inglaterra_3 League One,Mansfield Town,53,41,47,33.8,35.4,34.1,24.4,22.2,23.4,24.6,15.6,65.6,66.0,72.0,63.9,10,7,7,8,11.8,6.7,5.9,13.3,11.8,0.0,5.9,6.7,5.9,13.3,11.8,0.0,5.9,0.0,0.0,6.7,0.0,0.0
Inglaterra_3 League One,Northampton Town,42,21,32,33.6,36.2,32.1,28.2,29.5,26.8,24.2,24.2,87.8,74.0,75.2,85.5,8,9,4,12,17.6,6.2,0.0,0.0,11.8,6.2,0.0,0.0,5.9,0.0,0.0,12.5,5.9,0.0,0.0,0.0,5.9,0.0
Inglaterra_3 League One,Peterborough United,50,58,54,28.2,41.6,33.9,27.5,27.9,23.1,15.9,27.1,98.8,55.5,46.9,98.6,9,9,11,8,11.1,5.3,16.7,0.0,5.6,10.5,5.6,15.8,5.6,5.3,0.0,5.3,0.0,10.5,0.0,0.0,5.6,5.3
Inglaterra_3 League One,Plymouth Argyle,58,42,50,34.1,36.9,33.6,20.3,20.2,13.8,22.3,19.0,59.4,37.5,66.2,93.8,11,8,9,10,5.3,0.0,10.5,5.3,15.8,10.5,0.0,10.5,15.8,15.8,5.3,0.0,5.3,5.3,0.0,0.0,0.0,0.0
Inglaterra_3 League One,Port Vale,22,35,29,25.5,22.7,40.8,42.4,23.0,28.5,27.7,23.9,90.3,126.0,67.9,56.3,4,10,6,10,14.3,25.0,0.0,0.0,0.0,0.0,7.1,0.0,0.0,0.0,7.1,6.2,0.0,6.2,0.0,0.0,0.0,0.0
Inglaterra_3 League One,Reading,58,53,55,31.8,28.8,34.8,31.6,29.3,17.9,28.9,22.1,92.2,62.1,83.1,69.9,11,8,9,10,21.1,10.5,5.3,5.3,5.3,10.5,10.5,10.5,0.0,5.3,0.0,5.3,10.5,0.0,0.0,0.0,5.3,0.0
Inglaterra_3 League One,Rotherham United,47,28,38,26.4,31.4,36.1,31.1,20.1,21.5,20.5,19.2,75.9,68.4,56.7,61.7,9,9,5,12,16.7,5.9,11.1,5.9,0.0,5.9,11.1,5.9,5.6,0.0,5.6,0.0,0.0,5.9,0.0,0.0,0.0,0.0
Inglaterra_3 League One,Stevenage,56,32,43,46.0,44.5,37.8,33.5,28.3,19.7,35.1,23.6,61.5,44.2,92.7,70.5,10,6,6,11,12.5,0.0,0.0,0.0,6.2,11.8,12.5,0.0,0.0,5.9,6.2,11.8,12.5,5.9,6.2,0.0,6.2,0.0
Inglaterra_3 League One,Stockport County,50,56,53,35.2,29.3,25.5,35.9,29.3,20.8,11.5,28.6,83.2,71.1,45.0,79.9,9,8,10,7,5.9,17.6,11.8,5.9,11.8,11.8,5.9,5.9,5.9,5.9,0.0,11.8,5.9,0.0,0.0,0.0,5.9,0.0
Inglaterra_3 League One,Wigan Athletic,50,32,41,33.6,28.5,38.4,25.8,25.4,22.4,24.7,23.4,75.7,78.6,64.4,90.6,9,8,6,13,11.8,10.5,11.8,0.0,5.9,10.5,0.0,0.0,5.9,5.3,5.9,0.0,5.9,5.3,5.9,0.0,0.0,0.0
Inglaterra_3 League One,Wycombe Wanderers,58,42,50,14.3,33.0,32.2,23.5,9.3,24.1,27.0,19.3,64.9,72.9,83.7,82.2,11,8,8,8,15.8,0.0,36.8,18.8,0.0,12.5,5.3,6.2,0.0,0.0,0.0,6.2,0.0,0.0,0.0,6.2,0.0,0.0
Italia_1 Serie A,AC Milan,57,67,62,39.8,43.5,39.3,28.0,25.0,26.3,24.1,26.4,62.9,60.4,61.3,94.4,8,6,10,4,14.3,7.1,0.0,14.3,0.0,0.0,14.3,14.3,7.1,7.1,7.1,7.1,7.1,14.3,7.1,0.0,0.0,7.1
Italia_1 Serie A,Atalanta,53,50,52,18.5,58.6,30.2,35.3,13.0,25.9,20.7,22.2,70.1,44.2,68.6,62.9,8,6,7,6,7.1,0.0,35.7,0.0,0.0,7.7,7.1,7.7,7.1,15.4,0.0,0.0,0.0,0.0,0.0,7.7,0.0,15.4
Italia_1 Serie A,Bologna,43,53,48,50.7,42.4,46.9,31.1,16.7,24.8,27.8,22.5,32.9,58.5,59.2,72.3,6,7,8,7,0.0,6.7,0.0,0.0,7.7,6.7,0.0,13.3,23.1,13.3,7.7,6.7,0.0,0.0,7.7,0.0,0.0,6.7
Italia_1 Serie A,Cagliari,33,27,30,54.0,36.0,35.5,27.1,23.6,17.5,23.9,30.0,43.7,48.7,67.2,110.6,4,10,4,10,0.0,0.0,0.0,0.0,0.0,14.3,14.3,7.1,0.0,0.0,0.0,0.0,7.1,7.1,0.0,0.0,7.1,0.0
Italia_1 Serie A,Como,60,50,55,17.2,26.1,23.8,28.4,13.8,21.9,18.6,28.5,79.9,83.8,78.3,100.2,9,4,7,5,30.8,8.3,23.1,25.0,0.0,0.0,7.7,16.7,7.7,0.0,0.0,0.0,0.0,8.3,0.0,0.0,0.0,0.0
Italia_1 Serie A,Cremonese,36,20,28,35.2,21.0,27.0,34.1,32.0,14.8,31.3,30.8,90.9,70.5,115.8,90.3,5,6,3,10,18.2,7.7,0.0,0.0,0.0,7.7,9.1,7.7,0.0,0.0,9.1,0.0,0.0,0.0,9.1,0.0,0.0,0.0
Italia_1 Serie A,Fiorentina,43,40,41,37.1,33.7,25.5,34.7,32.4,22.8,11.7,22.6,87.3,67.6,46.1,65.0,7,6,6,7,7.7,7.7,15.4,7.7,7.7,15.4,0.0,0.0,7.7,0.0,0.0,7.7,7.7,7.7,0.0,0.0,7.7,0.0
Italia_1 Serie A,Genoa,38,57,47,18.8,32.8,37.9,28.5,17.5,20.1,35.4,20.1,92.7,61.5,93.5,70.6,6,8,8,4,14.3,8.3,14.3,16.7,7.1,8.3,0.0,16.7,0.0,0.0,7.1,0.0,0.0,16.7,0.0,0.0,0.0,0.0
Italia_1 Serie A,Hellas Verona,21,20,21,21.3,26.3,33.2,27.4,7.6,13.8,28.8,21.2,35.8,52.4,86.7,77.3,3,9,3,9,0.0,0.0,8.3,8.3,16.7,8.3,0.0,0.0,0.0,8.3,0.0,0.0,0.0,0.0,0.0,0.0,0.0,0.0
Italia_1 Serie A,Inter Milan,87,79,83,25.8,30.5,32.5,27.3,22.9,27.1,30.4,11.6,89.0,89.1,93.6,42.4,13,2,11,3,20.0,21.4,33.3,28.6,6.7,0.0,13.3,0.0,0.0,7.1,0.0,0.0,6.7,14.3,6.7,7.1,0.0,0.0
Italia_1 Serie A,Juventus,50,60,55,30.0,37.5,35.2,27.0,21.9,28.8,16.1,23.7,73.1,76.7,45.9,87.9,7,5,8,7,8.3,6.7,16.7,20.0,8.3,0.0,0.0,6.7,8.3,0.0,16.7,0.0,0.0,6.7,0.0,13.3,0.0,0.0
Italia_1 Serie A,Lazio,60,36,48,31.1,58.4,22.0,38.4,23.5,33.7,16.8,26.4,75.5,57.7,76.5,68.7,9,5,5,5,21.4,10.0,0.0,0.0,14.3,0.0,7.1,0.0,0.0,10.0,14.3,0.0,7.1,0.0,0.0,20.0,0.0,10.0
Italia_1 Serie A,Lecce,47,43,45,19.7,31.2,48.8,45.4,24.4,22.5,29.3,24.3,123.7,72.2,60.0,53.4,7,5,6,7,25.0,7.7,16.7,7.7,8.3,7.7,0.0,7.7,0.0,7.7,0.0,0.0,0.0,7.7,8.3,0.0,0.0,0.0
Italia_1 Serie A,Napoli,57,56,57,27.0,19.6,14.8,27.4,30.1,21.2,13.3,26.4,111.6,108.6,90.3,96.1,8,4,9,7,25.0,18.8,16.7,25.0,0.0,0.0,16.7,6.2,0.0,0.0,0.0,0.0,0.0,6.2,0.0,0.0,8.3,0.0
Italia_1 Serie A,Parma,29,27,28,22.2,58.0,42.6,26.6,23.4,35.1,29.2,25.7,105.0,60.6,68.5,96.9,4,8,4,7,16.7,0.0,0.0,9.1,0.0,0.0,8.3,9.1,8.3,0.0,0.0,0.0,0.0,0.0,0.0,9.1,0.0,9.1
Italia_1 Serie A,Pisa,13,43,28,42.0,18.7,55.6,32.0,46.7,14.7,25.3,24.1,111.1,78.9,45.5,75.2,2,10,6,7,8.3,7.7,0.0,23.1,0.0,7.7,0.0,0.0,0.0,7.7,0.0,0.0,0.0,0.0,8.3,0.0,0.0,0.0
Italia_1 Serie A,Roma,71,53,62,43.8,22.5,40.8,41.7,22.6,16.6,25.9,24.0,51.6,73.9,63.6,57.4,10,4,8,7,7.1,13.3,7.1,20.0,7.1,6.7,7.1,6.7,7.1,0.0,21.4,6.7,7.1,0.0,7.1,0.0,0.0,0.0
Italia_1 Serie A,Sassuolo,40,36,38,26.0,38.4,18.1,25.9,25.3,23.6,18.7,25.5,97.1,61.3,103.0,98.5,6,9,5,8,13.3,0.0,6.7,7.7,6.7,15.4,6.7,0.0,0.0,0.0,0.0,7.7,6.7,0.0,0.0,7.7,0.0,0.0
Italia_1 Serie A,Torino,47,36,41,21.3,35.4,30.1,17.6,10.8,25.5,16.5,9.8,50.8,72.1,54.7,56.0,7,7,5,7,14.3,8.3,0.0,8.3,28.6,8.3,7.1,0.0,0.0,0.0,0.0,8.3,0.0,8.3,0.0,0.0,0.0,0.0
Italia_1 Serie A,Udinese,47,40,43,35.9,33.8,37.9,21.7,24.5,21.7,21.2,23.3,68.3,64.1,56.1,107.6,7,8,6,9,13.3,0.0,6.7,13.3,0.0,6.7,6.7,6.7,6.7,6.7,6.7,0.0,0.0,6.7,6.7,0.0,0.0,0.0
Italia_2 Serie B,Avellino,56,27,42,33.9,34.5,35.0,24.8,27.2,21.9,31.3,18.5,80.4,63.6,89.4,74.4,8,6,4,11,14.3,6.7,0.0,0.0,7.1,6.7,21.4,0.0,7.1,0.0,0.0,13.3,0.0,0.0,0.0,0.0,7.1,0.0
Italia_2 Serie B,Bari 1908,33,38,35,46.4,27.0,30.3,31.8,24.7,19.3,19.5,24.1,53.3,71.5,64.4,75.8,5,9,6,8,7.1,14.3,0.0,0.0,0.0,7.1,0.0,7.1,14.3,7.1,7.1,7.1,0.0,0.0,7.1,0.0,0.0,0.0
Italia_2 Serie B,Calcio Padova,40,38,39,16.0,39.0,33.4,42.3,7.1,17.9,19.8,27.1,44.5,46.0,59.2,64.0,6,9,6,9,6.7,6.7,26.7,0.0,6.7,0.0,0.0,13.3,0.0,6.7,0.0,13.3,0.0,0.0,0.0,0.0,0.0,0.0
Italia_2 Serie B,Carrarese,44,33,39,32.3,22.6,30.5,23.7,24.0,22.9,17.2,15.0,74.4,101.5,56.5,63.4,7,4,5,10,18.2,13.3,9.1,6.7,9.1,0.0,0.0,0.0,9.1,13.3,9.1,0.0,9.1,0.0,0.0,0.0,0.0,0.0
Italia_2 Serie B,Catanzaro,53,53,53,38.1,23.4,15.2,30.7,16.8,15.0,10.5,32.9,44.1,64.2,69.2,107.4,8,6,7,6,7.1,15.4,0.0,7.7,14.3,23.1,0.0,0.0,21.4,7.7,14.3,0.0,0.0,0.0,0.0,0.0,0.0,0.0
Italia_2 Serie B,Cesena,60,44,52,33.0,37.9,35.3,31.5,22.9,21.2,12.2,23.9,69.4,56.1,34.6,76.0,8,7,7,8,6.7,6.7,6.7,0.0,13.3,6.7,13.3,20.0,6.7,0.0,0.0,6.7,0.0,0.0,0.0,6.7,6.7,0.0
Italia_2 Serie B,Empoli,31,53,42,42.8,23.6,23.9,49.6,27.3,22.4,11.7,25.9,63.8,94.6,49.0,52.3,5,10,8,7,0.0,13.3,13.3,20.0,0.0,6.7,0.0,0.0,6.7,6.7,6.7,0.0,0.0,6.7,6.7,0.0,0.0,0.0
Italia_2 Serie B,Frosinone,73,69,71,34.0,27.7,15.0,24.8,23.8,17.0,17.1,26.3,69.9,61.2,113.9,106.3,11,4,11,4,20.0,13.3,6.7,20.0,6.7,0.0,6.7,26.7,20.0,6.7,6.7,6.7,0.0,0.0,0.0,0.0,6.7,0.0
Italia_2 Serie B,Juve Stabia,60,56,58,30.7,18.9,19.0,25.3,25.0,17.5,16.0,18.9,81.5,92.7,84.2,74.9,9,3,8,7,8.3,20.0,25.0,6.7,8.3,13.3,25.0,6.7,0.0,6.7,0.0,0.0,0.0,0.0,0.0,0.0,8.3,0.0
Italia_2 Serie B,Mantova,44,33,39,23.1,34.8,24.4,21.1,28.5,29.8,23.7,22.2,123.1,85.7,96.9,105.0,7,9,5,8,18.8,0.0,6.2,15.4,12.5,7.7,0.0,7.7,0.0,0.0,0.0,0.0,0.0,0.0,0.0,0.0,6.2,7.7
Italia_2 Serie B,Modena,44,43,43,35.0,22.8,36.0,26.2,15.8,27.7,18.2,16.0,45.1,121.4,50.4,61.2,7,6,6,6,0.0,25.0,7.7,0.0,7.7,16.7,30.8,0.0,0.0,0.0,0.0,0.0,7.7,0.0,0.0,8.3,0.0,0.0
Italia_2 Serie B,Monza,67,56,61,36.3,28.6,22.8,44.6,21.5,16.7,26.2,24.9,59.3,58.4,115.0,55.9,10,5,9,5,13.3,14.3,6.7,7.1,0.0,14.3,20.0,14.3,0.0,14.3,20.0,0.0,6.7,0.0,0.0,0.0,0.0,0.0
Italia_2 Serie B,Palermo,75,53,65,26.2,28.6,18.3,36.7,21.3,21.9,18.1,10.2,81.5,76.5,99.0,27.9,11,3,8,6,21.4,21.4,0.0,7.1,28.6,0.0,21.4,0.0,0.0,21.4,0.0,7.1,0.0,0.0,7.1,0.0,0.0,0.0
Italia_2 Serie B,Pescara,38,60,48,19.7,35.1,32.3,23.8,24.6,29.0,19.0,9.8,125.0,82.6,58.9,41.1,6,10,9,5,12.5,21.4,18.8,7.1,0.0,0.0,0.0,14.3,0.0,7.1,0.0,0.0,6.2,0.0,0.0,7.1,0.0,7.1
Italia_2 Serie B,Reggiana,27,31,29,14.5,30.8,29.1,21.7,9.7,15.6,16.3,17.0,67.0,50.8,55.8,78.4,4,9,5,9,15.4,0.0,7.7,7.1,7.7,14.3,0.0,7.1,0.0,0.0,0.0,7.1,0.0,0.0,0.0,0.0,0.0,0.0
Italia_2 Serie B,Sampdoria,33,25,29,54.0,28.8,41.0,44.4,26.5,17.8,26.8,25.2,49.1,61.9,65.4,56.8,4,9,4,11,0.0,0.0,0.0,13.3,0.0,6.7,15.4,0.0,0.0,0.0,7.7,6.7,0.0,0.0,0.0,0.0,7.7,0.0
Italia_2 Serie B,Spezia,44,47,45,27.6,36.3,23.4,31.7,23.8,29.0,19.1,31.2,86.5,79.9,81.6,98.2,7,8,7,7,13.3,7.1,13.3,7.1,6.7,14.3,0.0,7.1,0.0,0.0,6.7,0.0,6.7,7.1,0.0,0.0,0.0,7.1
Italia_2 Serie B,Südtirol,40,44,42,24.2,38.9,32.7,26.9,17.9,16.7,25.9,11.7,73.9,43.0,79.3,43.6,6,6,7,7,16.7,0.0,8.3,7.1,8.3,7.1,0.0,14.3,16.7,14.3,0.0,0.0,0.0,7.1,0.0,0.0,0.0,0.0
Italia_2 Serie B,Venezia,75,53,65,27.0,24.8,26.2,46.2,14.2,11.1,20.4,5.7,52.5,44.8,77.7,12.4,12,4,8,4,12.5,8.3,12.5,16.7,18.8,16.7,18.8,25.0,12.5,0.0,0.0,0.0,0.0,0.0,0.0,0.0,0.0,0.0
Italia_2 Serie B,Virtus Entella,53,19,35,46.2,44.0,52.0,34.7,25.5,29.5,24.4,25.8,55.1,67.1,46.9,74.3,9,6,3,12,6.7,0.0,0.0,6.7,6.7,0.0,6.7,0.0,26.7,6.7,0.0,0.0,0.0,0.0,0.0,6.7,13.3,0.0
Portugal_1 Primeira Liga,AVS,21,8,15,32.7,50.0,32.7,24.5,22.6,,24.0,20.9,69.2,,73.3,85.3,3,10,1,10,7.7,0.0,0.0,0.0,0.0,0.0,7.7,0.0,0.0,9.1,7.7,0.0,0.0,0.0,0.0,0.0,0.0,0.0
Portugal_1 Primeira Liga,Alverca,46,23,35,55.7,39.0,27.0,31.9,33.0,36.0,29.7,20.6,59.2,92.4,109.9,64.4,6,6,3,10,8.3,7.7,0.0,0.0,0.0,0.0,0.0,7.7,16.7,0.0,8.3,0.0,0.0,0.0,0.0,7.7,16.7,0.0
Portugal_1 Primeira Liga,Benfica,77,69,73,33.9,33.1,11.0,33.5,24.0,18.5,1.0,37.5,70.7,55.9,9.1,111.9,10,3,9,2,7.7,9.1,23.1,18.2,0.0,9.1,23.1,18.2,7.7,9.1,7.7,18.2,0.0,0.0,0.0,0.0,7.7,0.0
Portugal_1 Primeira Liga,CD Nacional,46,31,38,40.8,29.0,27.4,47.4,28.7,15.6,22.9,25.5,70.5,53.8,83.7,53.7,4,8,4,9,8.3,7.7,0.0,0.0,0.0,0.0,8.3,23.1,0.0,0.0,8.3,0.0,8.3,0.0,0.0,0.0,0.0,0.0
Portugal_1 Primeira Liga,CD Tondela,15,50,32,34.0,29.0,49.3,36.2,33.9,22.5,34.0,14.5,99.8,77.7,68.9,40.2,2,9,6,6,9.1,8.3,0.0,16.7,0.0,0.0,0.0,8.3,0.0,8.3,9.1,8.3,0.0,0.0,0.0,0.0,0.0,0.0
Portugal_1 Primeira Liga,Casa Pia,33,21,27,22.8,17.3,37.3,27.3,16.9,12.3,21.9,19.2,74.2,71.2,58.6,70.1,4,7,3,9,9.1,8.3,9.1,8.3,0.0,0.0,18.2,8.3,0.0,0.0,0.0,0.0,0.0,0.0,0.0,0.0,0.0,0.0
Portugal_1 Primeira Liga,Estrela Amadora,36,15,26,29.8,45.5,25.4,25.4,17.7,50.2,20.3,13.2,59.3,110.3,79.8,52.0,5,8,2,8,0.0,10.0,7.7,0.0,23.1,0.0,0.0,0.0,0.0,0.0,7.7,0.0,0.0,0.0,0.0,0.0,0.0,10.0
Portugal_1 Primeira Liga,FC Arouca,54,38,46,30.1,22.0,20.8,34.0,24.0,19.3,9.6,29.6,79.5,87.7,45.9,87.2,7,6,5,7,23.1,16.7,0.0,8.3,7.7,0.0,0.0,0.0,7.7,16.7,15.4,0.0,0.0,0.0,0.0,0.0,0.0,0.0
Portugal_1 Primeira Liga,Famalicão,62,54,58,27.1,49.4,36.7,62.6,26.2,23.6,13.0,25.5,96.8,47.7,35.5,40.8,8,3,7,5,27.3,0.0,9.1,8.3,0.0,8.3,18.2,0.0,9.1,16.7,0.0,0.0,0.0,16.7,0.0,8.3,9.1,0.0
Portugal_1 Primeira Liga,GD Estoril Praia,38,54,46,31.8,23.0,20.4,19.8,13.6,15.7,17.4,20.2,42.8,68.3,85.6,101.9,4,8,7,6,0.0,15.4,8.3,15.4,0.0,0.0,16.7,15.4,8.3,7.7,0.0,0.0,0.0,0.0,0.0,0.0,0.0,0.0
Portugal_1 Primeira Liga,Gil Vicente,62,69,65,29.9,23.2,31.2,22.5,14.3,17.5,10.6,20.5,47.9,75.2,34.0,91.1,8,5,9,2,7.7,18.2,15.4,27.3,0.0,0.0,23.1,18.2,15.4,18.2,0.0,0.0,0.0,0.0,0.0,0.0,0.0,0.0
Portugal_1 Primeira Liga,Moreirense FC,58,43,50,48.4,9.2,31.8,45.4,22.6,5.6,17.9,24.7,46.8,61.1,56.3,54.3,7,5,6,7,0.0,23.1,8.3,23.1,8.3,0.0,0.0,0.0,16.7,0.0,8.3,0.0,8.3,0.0,0.0,0.0,8.3,0.0
Portugal_1 Primeira Liga,Porto,92,85,88,27.5,37.7,,15.0,21.0,25.5,,4.2,76.3,67.5,,28.3,12,0,11,2,16.7,15.4,33.3,15.4,8.3,7.7,16.7,7.7,16.7,15.4,0.0,7.7,0.0,7.7,8.3,0.0,0.0,7.7
Portugal_1 Primeira Liga,Rio Ave FC,46,23,35,26.2,45.0,26.0,35.2,14.9,21.8,15.9,22.5,56.8,48.4,61.2,63.8,6,6,3,9,0.0,0.0,16.7,0.0,25.0,8.3,0.0,8.3,0.0,0.0,8.3,0.0,0.0,8.3,0.0,0.0,0.0,0.0
Portugal_1 Primeira Liga,Santa Clara,38,31,35,20.6,32.8,40.3,33.4,28.8,32.6,26.0,29.7,140.0,99.6,64.4,88.7,5,6,4,9,27.3,15.4,9.1,0.0,0.0,0.0,0.0,0.0,0.0,0.0,0.0,7.7,0.0,7.7,9.1,0.0,0.0,0.0
Portugal_1 Primeira Liga,Sporting Braga,67,69,68,18.1,25.7,26.0,30.2,12.1,26.0,17.0,16.0,66.9,101.1,65.3,53.0,8,4,9,4,16.7,7.7,25.0,23.1,16.7,30.8,0.0,0.0,8.3,0.0,0.0,0.0,0.0,0.0,0.0,0.0,0.0,7.7
Portugal_1 Primeira Liga,Sporting CP,92,69,80,41.3,30.0,61.0,25.2,28.4,14.7,,34.4,68.7,49.1,,136.2,11,1,9,4,16.7,0.0,16.7,23.1,0.0,7.7,25.0,15.4,0.0,15.4,0.0,7.7,8.3,0.0,16.7,0.0,8.3,0.0
Portugal_1 Primeira Liga,Vitória Guimarães,36,42,38,45.4,42.6,31.1,27.3,23.6,27.9,26.2,17.6,51.9,65.4,84.3,64.6,5,8,5,6,0.0,0.0,7.7,0.0,0.0,18.2,7.7,18.2,7.7,0.0,0.0,0.0,15.4,0.0,0.0,0.0,0.0,9.1
Rep_Tcheca_1 Czech Liga,Baník Ostrava,42,21,31,33.2,40.0,26.8,25.9,16.6,38.0,25.2,20.8,50.1,95.0,93.8,80.4,5,6,3,10,0.0,7.7,9.1,0.0,9.1,0.0,9.1,7.7,18.2,0.0,0.0,0.0,0.0,0.0,0.0,7.7,0.0,0.0
Rep_Tcheca_1 Czech Liga,Bohemians 1905,38,38,38,27.4,36.2,47.0,23.1,28.2,20.2,23.7,13.5,102.8,55.8,50.4,58.3,5,7,5,7,16.7,0.0,8.3,8.3,0.0,16.7,0.0,8.3,0.0,0.0,16.7,0.0,0.0,8.3,0.0,0.0,0.0,0.0
Rep_Tcheca_1 Czech Liga,Dukla Praha,54,8,31,19.1,40.0,28.4,33.0,13.5,,7.2,11.8,70.3,,25.2,35.8,7,5,1,9,16.7,0.0,16.7,0.0,8.3,0.0,16.7,10.0,0.0,0.0,0.0,0.0,0.0,0.0,0.0,0.0,0.0,0.0
Rep_Tcheca_1 Czech Liga,Hradec Králové,62,54,58,28.4,29.1,40.3,35.7,19.9,20.5,5.5,30.5,70.1,70.3,13.7,85.6,8,3,7,6,9.1,15.4,18.2,7.7,18.2,0.0,9.1,23.1,0.0,0.0,9.1,0.0,9.1,7.7,0.0,0.0,0.0,0.0
Rep_Tcheca_1 Czech Liga,Jablonec,62,54,58,29.1,36.0,16.3,33.3,17.5,26.6,17.9,20.0,60.0,73.9,109.6,60.1,8,3,7,6,9.1,7.7,18.2,7.7,18.2,15.4,9.1,0.0,9.1,7.7,9.1,0.0,0.0,7.7,0.0,7.7,0.0,0.0
Rep_Tcheca_1 Czech Liga,Karviná,31,62,46,26.2,34.1,21.5,32.2,26.0,23.0,16.2,18.8,99.2,67.3,75.1,58.4,4,8,8,5,8.3,15.4,8.3,7.7,8.3,7.7,0.0,7.7,0.0,0.0,0.0,15.4,8.3,7.7,0.0,0.0,0.0,0.0
Rep_Tcheca_1 Czech Liga,Mladá Boleslav,36,25,31,18.6,43.3,13.6,22.1,16.6,10.5,6.5,18.3,89.1,24.2,47.9,82.9,5,7,3,8,16.7,0.0,16.7,0.0,0.0,0.0,0.0,9.1,8.3,9.1,0.0,9.1,0.0,0.0,0.0,0.0,0.0,0.0
Rep_Tcheca_1 Czech Liga,Pardubice,31,38,35,35.8,26.4,35.1,37.1,30.5,19.7,28.2,23.5,85.2,74.6,80.3,63.4,4,9,5,7,7.7,8.3,7.7,8.3,0.0,8.3,7.7,0.0,0.0,8.3,0.0,8.3,0.0,0.0,7.7,0.0,0.0,0.0
Rep_Tcheca_1 Czech Liga,Sigma Olomouc,54,38,46,48.6,34.4,39.7,32.6,28.0,26.9,41.9,29.0,57.7,78.2,105.6,88.8,7,3,5,8,0.0,7.7,10.0,7.7,20.0,0.0,0.0,15.4,0.0,0.0,10.0,0.0,10.0,0.0,10.0,7.7,10.0,0.0
Rep_Tcheca_1 Czech Liga,Slavia Praha,69,77,73,26.8,28.0,34.3,21.5,18.4,21.8,20.1,10.6,68.7,77.8,58.6,49.3,9,3,10,2,16.7,8.3,25.0,41.7,8.3,8.3,8.3,8.3,0.0,0.0,16.7,0.0,0.0,16.7,0.0,0.0,0.0,0.0
Rep_Tcheca_1 Czech Liga,Slovan Liberec,54,31,42,36.1,19.2,43.0,36.8,25.6,14.2,26.4,22.9,70.7,73.6,61.4,62.3,7,5,4,8,8.3,8.3,8.3,8.3,16.7,8.3,0.0,8.3,16.7,0.0,0.0,0.0,0.0,0.0,0.0,0.0,8.3,0.0
Rep_Tcheca_1 Czech Liga,Slovácko,31,15,23,25.2,40.5,37.5,26.1,15.0,2.1,24.1,25.6,59.6,5.2,64.4,97.9,4,8,2,9,8.3,0.0,0.0,0.0,8.3,0.0,16.7,9.1,0.0,9.1,0.0,0.0,0.0,0.0,0.0,0.0,0.0,0.0
Rep_Tcheca_1 Czech Liga,Sparta Praha,62,62,62,22.0,40.2,32.8,30.3,16.2,27.3,15.0,29.7,73.8,67.8,45.6,97.9,8,5,8,3,15.4,9.1,23.1,9.1,7.7,18.2,7.7,0.0,0.0,9.1,7.7,9.1,0.0,9.1,0.0,0.0,0.0,9.1
Rep_Tcheca_1 Czech Liga,Teplice,62,31,46,35.6,45.8,26.7,17.7,25.2,34.6,30.7,10.2,70.6,75.7,115.0,57.6,8,3,4,6,9.1,0.0,18.2,10.0,0.0,10.0,18.2,0.0,9.1,0.0,9.1,0.0,0.0,0.0,0.0,20.0,9.1,0.0
Rep_Tcheca_1 Czech Liga,Viktoria Plzeň,69,69,69,34.1,21.7,22.0,25.8,15.6,17.2,8.7,15.2,45.8,79.3,39.4,59.0,9,3,9,4,8.3,23.1,0.0,23.1,25.0,7.7,16.7,0.0,8.3,7.7,16.7,7.7,0.0,0.0,0.0,0.0,0.0,0.0
Rep_Tcheca_1 Czech Liga,Zlín,54,23,38,20.9,12.3,41.2,32.0,20.0,12.7,26.6,25.2,95.7,103.3,64.5,78.6,7,6,3,7,23.1,20.0,15.4,0.0,0.0,10.0,0.0,0.0,7.7,0.0,7.7,0.0,0.0,0.0,0.0,0.0,0.0,0.0
Turquia_1 Super Lig,Alanyaspor,57,38,48,32.8,17.2,18.5,32.0,27.4,8.1,6.4,28.3,83.6,46.7,34.4,88.4,8,2,4,8,20.0,8.3,10.0,16.7,10.0,8.3,10.0,0.0,20.0,0.0,0.0,0.0,0.0,0.0,0.0,0.0,10.0,0.0
Turquia_1 Super Lig,Antalyaspor,54,21,37,30.6,59.0,17.8,33.6,18.2,33.0,21.4,32.7,59.4,56.0,120.1,97.4,7,6,3,7,7.7,0.0,15.4,0.0,0.0,10.0,7.7,0.0,15.4,0.0,7.7,0.0,0.0,0.0,0.0,10.0,0.0,10.0
Turquia_1 Super Lig,Beşiktaş,64,77,70,34.6,22.8,29.8,30.0,32.5,19.8,26.4,23.6,94.0,86.8,88.5,78.6,9,5,10,3,21.4,23.1,14.3,23.1,0.0,7.7,0.0,0.0,7.1,7.7,7.1,15.4,7.1,0.0,0.0,0.0,7.1,0.0
Turquia_1 Super Lig,Eyüpspor,36,15,26,44.8,30.0,34.0,35.8,36.8,28.3,31.8,31.7,82.2,94.3,93.6,88.6,5,8,2,9,7.7,9.1,7.7,0.0,0.0,0.0,0.0,0.0,0.0,9.1,7.7,0.0,7.7,0.0,0.0,0.0,7.7,0.0
Turquia_1 Super Lig,Fatih Karagümrük,38,14,26,26.6,22.0,36.0,34.1,23.5,12.7,21.5,25.8,88.5,57.9,59.8,75.7,5,7,2,12,8.3,0.0,16.7,7.1,0.0,0.0,8.3,7.1,0.0,0.0,0.0,0.0,8.3,0.0,0.0,0.0,0.0,0.0
Turquia_1 Super Lig,Fenerbahçe,69,43,56,37.3,26.5,18.7,13.0,26.6,24.3,8.0,15.3,71.3,91.8,43.0,117.5,10,3,6,6,7.7,16.7,15.4,8.3,15.4,8.3,7.7,0.0,15.4,8.3,0.0,0.0,7.7,8.3,0.0,0.0,7.7,0.0
Turquia_1 Super Lig,Galatasaray,71,83,77,20.4,28.5,28.2,60.0,19.2,21.4,30.6,21.2,93.8,75.3,108.2,35.4,9,4,10,2,38.5,16.7,7.7,16.7,7.7,16.7,0.0,16.7,7.7,8.3,7.7,0.0,0.0,0.0,0.0,8.3,0.0,0.0
Turquia_1 Super Lig,Gaziantep FK,46,50,48,34.2,40.7,17.7,25.2,29.5,24.1,23.0,12.9,86.3,59.2,129.7,51.2,6,7,7,5,15.4,8.3,0.0,8.3,7.7,0.0,0.0,16.7,7.7,0.0,7.7,16.7,0.0,0.0,7.7,8.3,0.0,0.0
Turquia_1 Super Lig,Gençlerbirliği,54,29,41,23.0,17.2,40.6,55.0,12.2,8.2,28.7,30.6,53.0,47.7,70.7,55.6,7,5,4,8,16.7,8.3,8.3,8.3,16.7,16.7,16.7,0.0,0.0,0.0,0.0,0.0,0.0,0.0,0.0,0.0,0.0,0.0
Turquia_1 Super Lig,Göztepe,54,38,46,30.3,43.8,29.5,37.0,19.0,23.5,23.3,29.7,62.6,53.7,79.1,80.3,7,2,5,6,22.2,9.1,0.0,0.0,11.1,0.0,11.1,9.1,33.3,0.0,0.0,18.2,0.0,9.1,0.0,0.0,0.0,0.0
Turquia_1 Super Lig,Kasımpaşa,23,21,22,26.0,27.3,34.8,30.7,9.9,10.0,31.4,28.7,38.1,36.6,90.3,93.6,2,9,3,9,0.0,0.0,9.1,8.3,0.0,0.0,9.1,16.7,0.0,0.0,0.0,0.0,0.0,0.0,0.0,0.0,0.0,0.0
Turquia_1 Super Lig,Kayserispor,31,7,19,56.5,73.5,38.5,40.6,32.8,23.3,14.9,26.6,58.1,31.7,38.6,65.4,4,8,2,10,0.0,0.0,8.3,0.0,0.0,0.0,0.0,0.0,0.0,0.0,8.3,8.3,8.3,0.0,0.0,0.0,8.3,8.3
Turquia_1 Super Lig,Kocaelispor,57,23,41,44.0,38.3,63.2,41.0,23.1,29.9,21.1,33.7,52.5,78.0,33.5,82.3,8,5,3,8,0.0,9.1,7.7,0.0,15.4,0.0,7.7,0.0,7.7,9.1,7.7,0.0,7.7,9.1,0.0,0.0,7.7,0.0
Turquia_1 Super Lig,Konyaspor,43,31,37,45.7,16.8,32.3,39.6,32.2,8.3,17.5,12.7,70.5,49.3,54.1,32.0,6,6,4,9,0.0,7.7,25.0,7.7,0.0,15.4,0.0,0.0,0.0,0.0,0.0,0.0,8.3,0.0,8.3,0.0,8.3,0.0
Turquia_1 Super Lig,Rizespor,54,23,38,47.4,30.2,33.0,27.5,38.1,20.1,22.9,21.7,80.3,66.5,69.4,79.0,7,5,4,8,16.7,8.3,8.3,0.0,0.0,8.3,0.0,0.0,8.3,16.7,0.0,0.0,0.0,0.0,8.3,0.0,16.7,0.0
Turquia_1 Super Lig,Samsunspor,38,54,46,35.2,39.6,35.2,22.0,30.4,36.2,21.0,20.7,86.5,91.5,59.4,94.1,5,4,7,5,11.1,16.7,11.1,8.3,0.0,0.0,22.2,8.3,0.0,8.3,0.0,0.0,0.0,0.0,0.0,0.0,11.1,16.7
Turquia_1 Super Lig,Trabzonspor,77,57,67,27.0,39.7,24.7,25.8,18.1,26.3,12.4,15.4,67.2,66.3,50.4,59.6,10,3,7,6,7.7,7.7,38.5,7.7,0.0,7.7,7.7,0.0,7.7,15.4,15.4,0.0,0.0,7.7,0.0,7.7,0.0,0.0
Turquia_1 Super Lig,İstanbul Başakşehir,71,62,67,33.9,39.1,56.0,37.8,23.5,24.4,11.3,17.1,69.5,62.3,20.2,45.3,10,2,8,4,0.0,0.0,25.0,16.7,25.0,16.7,8.3,8.3,8.3,0.0,8.3,0.0,0.0,16.7,0.0,8.3,8.3,0.0
